/*********************
* create the tables
*********************/

create table users (
id INT NOT NULL AUTO_INCREMENT PRIMARY KEY,
name varchar(25),
pass varchar(32),
default_ken INT,
register_date DATETIME,
last_login TIMESTAMP NOT NULL DEFAULT CURRENT_TIMESTAMP ON UPDATE CURRENT_TIMESTAMP
);

create table table_settings (
user_id INT,
header_id INT
);

create table permissions (
user_id INT,
ken_id INT
);

create table members (
id INT NOT NULL AUTO_INCREMENT PRIMARY KEY,
pname VARCHAR(25), /* שם פרטי */
fname VARCHAR(100), /* שם משפחה */
gender INT(1), /* מין */
id_num VARCHAR(9), /* ת"ז */
birth_date DATE, /* תאריך לידה */
cell_phone VARCHAR(10), /* נייד חניך */
phone VARCHAR(9), /* טלפון בית */
ken INT, /* קן */
class INT, /* שכבה */
team INT, /* קבוצה */
address VARCHAR(256), /* כתובת */
city INT, /* ישוב */
zip_code VARCHAR(5), /* מיקוד */
email VARCHAR(256), /* דוא"ל חניך */
shirt INT(2), /* מידת חולצה */
medical TEXT, /* בעיות רפואיות */
notes TEXT, /* הערות נוספות */
dad VARCHAR(25), /* שם האב */
dad_cell VARCHAR(10), /* נייד האב */
dad_job VARCHAR(100), /* עבודת האב */
mom VARCHAR(100), /* שם האם */
mom_cell VARCHAR(10), /* נייד האם */
mom_job VARCHAR(100), /* עבודת האם */
parent_email VARCHAR(256), /* דוא"ל הורים */
register_date TIMESTAMP /* תאריך הרשמה */
);

create table team ( /* Teams which aren't Kvutza doesn't get in here!!! only Va'adot */
uid INT, /* user id */
tid INT /* team id */
);

create table teamsList (
tid INT NULL AUTO_INCREMENT PRIMARY KEY,
name VARCHAR(100),
kid INT /* if Ken ID = 0 then it's not a Kvutza */
);

create table gender (
id INT NULL AUTO_INCREMENT PRIMARY KEY,
longname VARCHAR(4),
shortname VARCHAR(1)
);
INSERT INTO gender (id, longname, shortname) VALUES (1, 'זכר', 'ז');
INSERT INTO gender (id, longname, shortname) VALUES (2, 'נקבה', 'נ');

/* create shirts index */
create table shirt (
id INT NOT NULL AUTO_INCREMENT PRIMARY KEY,
name VARCHAR(10)
);
INSERT INTO shirt (id, name) VALUES (0, 'N/A');
INSERT INTO shirt (id, name) VALUES (1, 'XS');
INSERT INTO shirt (id, name) VALUES (2, 'S');
INSERT INTO shirt (id, name) VALUES (3, 'M');
INSERT INTO shirt (id, name) VALUES (4, 'L');
INSERT INTO shirt (id, name) VALUES (5, 'XL');
INSERT INTO shirt (id, name) VALUES (6, 'XXL');

/* insert classes */
create table class (
id INT NOT NULL AUTO_INCREMENT PRIMARY KEY,
name VARCHAR(100)
);
INSERT INTO class (id, name) VALUES (6, 'אחווה');
INSERT INTO class (id, name) VALUES (3, 'ביתניה');
INSERT INTO class (id, name) VALUES (16, 'דורות - ט\'');
INSERT INTO class (id, name) VALUES (10, 'דרור');
INSERT INTO class (id, name) VALUES (8, 'הפועל');
INSERT INTO class (id, name) VALUES (5, 'חזון');
INSERT INTO class (id, name) VALUES (15, 'יהב - י\'');
INSERT INTO class (id, name) VALUES (1, 'ירדן');
INSERT INTO class (id, name) VALUES (25, 'כיתה א\'');
INSERT INTO class (id, name) VALUES (23, 'כיתה ב\'');
INSERT INTO class (id, name) VALUES (22, 'כיתה ג\'');
INSERT INTO class (id, name) VALUES (11, 'למרד');
INSERT INTO class (id, name) VALUES (14, 'נחשון - י"א');
INSERT INTO class (id, name) VALUES (7, 'פלך');
INSERT INTO class (id, name) VALUES (13, 'פסיפס - י"ב');
INSERT INTO class (id, name) VALUES (12, 'צוותא - י"ג');
INSERT INTO class (id, name) VALUES (2, 'קיבוץ תמיד');
INSERT INTO class (id, name) VALUES (4, 'רעות');
INSERT INTO class (id, name) VALUES (9, 'שומריה');
INSERT INTO class (id, name) VALUES (21, 'שכבת ד\'');
INSERT INTO class (id, name) VALUES (20, 'שכבת ה\'');
INSERT INTO class (id, name) VALUES (19, 'שכבת ו\'');
INSERT INTO class (id, name) VALUES (18, 'שכבת ז\'');
INSERT INTO class (id, name) VALUES (17, 'שכבת ח\'');

/* insert regions */
create table region (
id INT NOT NULL AUTO_INCREMENT PRIMARY KEY,
name VARCHAR(100)
);
INSERT INTO region (id, name) VALUES (1, 'צפון מזרחי');
INSERT INTO region (id, name) VALUES (2, 'צפון מערבי');
INSERT INTO region (id, name) VALUES (3, 'שרון');
INSERT INTO region (id, name) VALUES (5, 'ירושלים');
INSERT INTO region (id, name) VALUES (6, 'החוף');
INSERT INTO region (id, name) VALUES (7, 'דרום');
INSERT INTO region (id, name) VALUES (8, 'החטיבה הערבית');

/* insert kens */
create table ken (
id INT NOT NULL AUTO_INCREMENT PRIMARY KEY,
name VARCHAR(100),
region_id INT
);
INSERT INTO ken (id, name, region_id) VALUES (41, 'אופק', 2);
INSERT INTO ken (id, name, region_id) VALUES (126, 'אופקים', 7);
INSERT INTO ken (id, name, region_id) VALUES (132, 'אשדוד העוגן', 6);
INSERT INTO ken (id, name, region_id) VALUES (64, 'אשדוד צפון', 6);
INSERT INTO ken (id, name, region_id) VALUES (46, 'אשקלון אפרידר', 7);
INSERT INTO ken (id, name, region_id) VALUES (47, 'אשקלון עתיקות', 7);
INSERT INTO ken (id, name, region_id) VALUES (33, 'באר שבע מרכז', 7);
INSERT INTO ken (id, name, region_id) VALUES (78, 'באר שבע רמות', 7);
INSERT INTO ken (id, name, region_id) VALUES (97, 'בואינה נוגידאת', 8);
INSERT INTO ken (id, name, region_id) VALUES (124, 'ביר אל מכסור', 8);
INSERT INTO ken (id, name, region_id) VALUES (49, 'בן גוריון', 6);
INSERT INTO ken (id, name, region_id) VALUES (28, 'בקעה', 5);
INSERT INTO ken (id, name, region_id) VALUES (30, 'גונן-אליאב', 5);
INSERT INTO ken (id, name, region_id) VALUES (2, 'גלבוע', 1);
INSERT INTO ken (id, name, region_id) VALUES (58, 'גן שמואל', 3);
INSERT INTO ken (id, name, region_id) VALUES (53, 'ג\'סי כהן', 6);
INSERT INTO ken (id, name, region_id) VALUES (130, 'דיר חנא', 8);
INSERT INTO ken (id, name, region_id) VALUES (3, 'הרי אפריים', 1);
INSERT INTO ken (id, name, region_id) VALUES (55, 'הרצליה', 3);
INSERT INTO ken (id, name, region_id) VALUES (91, 'חוגים מרכז הכרמל', 2);
INSERT INTO ken (id, name, region_id) VALUES (51, 'חוף השרון', 6);
INSERT INTO ken (id, name, region_id) VALUES (103, 'חיפה חליסה', 8);
INSERT INTO ken (id, name, region_id) VALUES (129, 'חיפה עבאס', 8);
INSERT INTO ken (id, name, region_id) VALUES (25, 'יבנה', 6);
INSERT INTO ken (id, name, region_id) VALUES (37, 'יקנעם', 2);
INSERT INTO ken (id, name, region_id) VALUES (101, 'כפר מנדא', 8);
INSERT INTO ken (id, name, region_id) VALUES (54, 'כפר סבא', 3);
INSERT INTO ken (id, name, region_id) VALUES (40, 'כרמיאל', 2);
INSERT INTO ken (id, name, region_id) VALUES (99, 'לוד', 8);
INSERT INTO ken (id, name, region_id) VALUES (22, 'מבואות הנגב', 7);
INSERT INTO ken (id, name, region_id) VALUES (4, 'מבואות עירון', 3);
INSERT INTO ken (id, name, region_id) VALUES (92, 'מלחה', 5);
INSERT INTO ken (id, name, region_id) VALUES (12, 'מנור', 2);
INSERT INTO ken (id, name, region_id) VALUES (60, 'מעיין', 3);
INSERT INTO ken (id, name, region_id) VALUES (24, 'מעלה הבשור', 7);
INSERT INTO ken (id, name, region_id) VALUES (96, 'מקווה ישראל', 6);
INSERT INTO ken (id, name, region_id) VALUES (57, 'מקורות', 3);
INSERT INTO ken (id, name, region_id) VALUES (27, 'מרכז ירושלים', 5);
INSERT INTO ken (id, name, region_id) VALUES (39, 'נהריה', 2);
INSERT INTO ken (id, name, region_id) VALUES (36, 'נווה שאנן', 2);
INSERT INTO ken (id, name, region_id) VALUES (100, 'סכנין', 8);
INSERT INTO ken (id, name, region_id) VALUES (6, 'עיינות ירדן', 1);
INSERT INTO ken (id, name, region_id) VALUES (7, 'עמקים', 1);
INSERT INTO ken (id, name, region_id) VALUES (42, 'ערד', 7);
INSERT INTO ken (id, name, region_id) VALUES (67, 'פלמחים', 6);
INSERT INTO ken (id, name, region_id) VALUES (125, 'פסגות גליל', 1);
INSERT INTO ken (id, name, region_id) VALUES (56, 'פתח תקווה', 3);
INSERT INTO ken (id, name, region_id) VALUES (66, 'צפית', 5);
INSERT INTO ken (id, name, region_id) VALUES (34, 'קריית חיים', 2);
INSERT INTO ken (id, name, region_id) VALUES (90, 'קריית חיים מערבית', 2);
INSERT INTO ken (id, name, region_id) VALUES (65, 'קריית משה', 6);
INSERT INTO ken (id, name, region_id) VALUES (26, 'קריית שרת', 6);
INSERT INTO ken (id, name, region_id) VALUES (63, 'ראשון מרכז', 6);
INSERT INTO ken (id, name, region_id) VALUES (10, 'רחובות-השומרים', 6);
INSERT INTO ken (id, name, region_id) VALUES (59, 'רמות חפר', 3);
INSERT INTO ken (id, name, region_id) VALUES (102, 'רמלה', 8);
INSERT INTO ken (id, name, region_id) VALUES (23, 'רמת אביב', 6);
INSERT INTO ken (id, name, region_id) VALUES (8, 'שומריה', 1);
INSERT INTO ken (id, name, region_id) VALUES (131, 'שייח דנון', 8);
INSERT INTO ken (id, name, region_id) VALUES (62, 'שיכון המזרח', 6);
INSERT INTO ken (id, name, region_id) VALUES (31, 'שלומי', 2);
INSERT INTO ken (id, name, region_id) VALUES (98, 'שעב', 8);
INSERT INTO ken (id, name, region_id) VALUES (9, 'שער העמקים', 1);
INSERT INTO ken (id, name, region_id) VALUES (45, 'שקמה', 7);
INSERT INTO ken (id, name, region_id) VALUES (128, 'תבור', 1);
INSERT INTO ken (id, name, region_id) VALUES (29, 'תלפיות', 5);

/* insert cities */
create table city (
id INT NOT NULL AUTO_INCREMENT PRIMARY KEY,
name VARCHAR(100)
);
INSERT INTO city (id, name) VALUES (576, '.מסעודין אל עזא');
INSERT INTO city (id, name) VALUES (577, 'אבו בלאל');
INSERT INTO city (id, name) VALUES (578, 'אבו ג\'וויעד');
INSERT INTO city (id, name) VALUES (1105, 'אבו גוש');
INSERT INTO city (id, name) VALUES (110, 'אבו סנאן');
INSERT INTO city (id, name) VALUES (579, 'אבו סריחאן');
INSERT INTO city (id, name) VALUES (580, 'אבו עבדון');
INSERT INTO city (id, name) VALUES (581, 'אבו עמאר');
INSERT INTO city (id, name) VALUES (582, 'אבו עמרה');
INSERT INTO city (id, name) VALUES (583, 'אבו קורינאת');
INSERT INTO city (id, name) VALUES (584, 'אבו קרינאת');
INSERT INTO city (id, name) VALUES (585, 'אבו רביעה');
INSERT INTO city (id, name) VALUES (586, 'אבו רקייק');
INSERT INTO city (id, name) VALUES (111, 'אבטליון');
INSERT INTO city (id, name) VALUES (1253, 'אביאל');
INSERT INTO city (id, name) VALUES (112, 'אביבים');
INSERT INTO city (id, name) VALUES (737, 'אביגדור');
INSERT INTO city (id, name) VALUES (971, 'אביחיל');
INSERT INTO city (id, name) VALUES (113, 'אביטל');
INSERT INTO city (id, name) VALUES (1106, 'אביעזר');
INSERT INTO city (id, name) VALUES (114, 'אבירים');
INSERT INTO city (id, name) VALUES (972, 'אבן יהודה');
INSERT INTO city (id, name) VALUES (106, 'אבן יצחק (גלעד)');
INSERT INTO city (id, name) VALUES (115, 'אבן מנחם');
INSERT INTO city (id, name) VALUES (1107, 'אבן ספיר');
INSERT INTO city (id, name) VALUES (738, 'אבן שמואל');
INSERT INTO city (id, name) VALUES (116, 'אבני איתן');
INSERT INTO city (id, name) VALUES (1254, 'אבני חפץ');
INSERT INTO city (id, name) VALUES (587, 'אבשלום');
INSERT INTO city (id, name) VALUES (1255, 'אבתאן');
INSERT INTO city (id, name) VALUES (1108, 'אדורה');
INSERT INTO city (id, name) VALUES (117, 'אדירים');
INSERT INTO city (id, name) VALUES (118, 'אדמית');
INSERT INTO city (id, name) VALUES (1109, 'אדרת');
INSERT INTO city (id, name) VALUES (973, 'אודים');
INSERT INTO city (id, name) VALUES (119, 'אודם');
INSERT INTO city (id, name) VALUES (588, 'אוהד');
INSERT INTO city (id, name) VALUES (120, 'אוהלו');
INSERT INTO city (id, name) VALUES (1256, 'אום אל פחם');
INSERT INTO city (id, name) VALUES (1257, 'אום אל קוטוף');
INSERT INTO city (id, name) VALUES (589, 'אום בטין');
INSERT INTO city (id, name) VALUES (121, 'אומן');
INSERT INTO city (id, name) VALUES (1258, 'אומץ');
INSERT INTO city (id, name) VALUES (122, 'אור הגנוז');
INSERT INTO city (id, name) VALUES (739, 'אור הנר');
INSERT INTO city (id, name) VALUES (27, 'אור יהודה');
INSERT INTO city (id, name) VALUES (1259, 'אור עקיבא');
INSERT INTO city (id, name) VALUES (1110, 'אורה');
INSERT INTO city (id, name) VALUES (740, 'אורות');
INSERT INTO city (id, name) VALUES (123, 'אורטל');
INSERT INTO city (id, name) VALUES (590, 'אורים');
INSERT INTO city (id, name) VALUES (1069, 'אורנים');
INSERT INTO city (id, name) VALUES (28, 'אורנית');
INSERT INTO city (id, name) VALUES (1070, 'אושה');
INSERT INTO city (id, name) VALUES (29, 'אזור');
INSERT INTO city (id, name) VALUES (741, 'אחווה');
INSERT INTO city (id, name) VALUES (742, 'אחוזם');
INSERT INTO city (id, name) VALUES (124, 'אחוזת ברק');
INSERT INTO city (id, name) VALUES (125, 'אחוזת נפתלי');
INSERT INTO city (id, name) VALUES (126, 'אחיהוד');
INSERT INTO city (id, name) VALUES (1260, 'אחיטוב');
INSERT INTO city (id, name) VALUES (743, 'אחיסמך');
INSERT INTO city (id, name) VALUES (744, 'אחיעזר');
INSERT INTO city (id, name) VALUES (591, 'אטרש');
INSERT INTO city (id, name) VALUES (1071, 'איבטין');
INSERT INTO city (id, name) VALUES (745, 'איבים');
INSERT INTO city (id, name) VALUES (974, 'אייל');
INSERT INTO city (id, name) VALUES (127, 'איילת השחר');
INSERT INTO city (id, name) VALUES (128, 'אילון');
INSERT INTO city (id, name) VALUES (1, 'אילות');
INSERT INTO city (id, name) VALUES (129, 'אילניה');
INSERT INTO city (id, name) VALUES (2, 'אילת');
INSERT INTO city (id, name) VALUES (26, 'איתמר (אגוז)');
INSERT INTO city (id, name) VALUES (746, 'איתן');
INSERT INTO city (id, name) VALUES (1111, 'איתנים');
INSERT INTO city (id, name) VALUES (130, 'אכסאל');
INSERT INTO city (id, name) VALUES (592, 'אל סייד');
INSERT INTO city (id, name) VALUES (1261, 'אל עריאן');
INSERT INTO city (id, name) VALUES (748, 'אלומה');
INSERT INTO city (id, name) VALUES (132, 'אלומות');
INSERT INTO city (id, name) VALUES (133, 'אלון הגליל');
INSERT INTO city (id, name) VALUES (30, 'אלון מורה');
INSERT INTO city (id, name) VALUES (1112, 'אלון שבות');
INSERT INTO city (id, name) VALUES (135, 'אלוני הבשן');
INSERT INTO city (id, name) VALUES (1262, 'אלוני יצחק');
INSERT INTO city (id, name) VALUES (134, 'אלוני-אבא');
INSERT INTO city (id, name) VALUES (136, 'אלונים');
INSERT INTO city (id, name) VALUES (749, 'אלי סיני');
INSERT INTO city (id, name) VALUES (137, 'אלי על');
INSERT INTO city (id, name) VALUES (1263, 'אליכין');
INSERT INTO city (id, name) VALUES (3, 'אליפז');
INSERT INTO city (id, name) VALUES (138, 'אליפלט');
INSERT INTO city (id, name) VALUES (139, 'אליקים');
INSERT INTO city (id, name) VALUES (1264, 'אלישיב');
INSERT INTO city (id, name) VALUES (975, 'אלישמע');
INSERT INTO city (id, name) VALUES (140, 'אלמגור');
INSERT INTO city (id, name) VALUES (1113, 'אלמוג');
INSERT INTO city (id, name) VALUES (31, 'אלעד');
INSERT INTO city (id, name) VALUES (747, 'אל-עזי');
INSERT INTO city (id, name) VALUES (1114, 'אלעזר');
INSERT INTO city (id, name) VALUES (976, 'אלפי מנשה');
INSERT INTO city (id, name) VALUES (141, 'אלקוש');
INSERT INTO city (id, name) VALUES (32, 'אלקנה');
INSERT INTO city (id, name) VALUES (131, 'אל-רום');
INSERT INTO city (id, name) VALUES (142, 'אם אל גנם');
INSERT INTO city (id, name) VALUES (750, 'אמונים');
INSERT INTO city (id, name) VALUES (143, 'אמירים');
INSERT INTO city (id, name) VALUES (144, 'אמנון');
INSERT INTO city (id, name) VALUES (751, 'אמציה');
INSERT INTO city (id, name) VALUES (145, 'אניעם');
INSERT INTO city (id, name) VALUES (593, 'אסד');
INSERT INTO city (id, name) VALUES (1115, 'אספר');
INSERT INTO city (id, name) VALUES (146, 'אעבלין');
INSERT INTO city (id, name) VALUES (594, 'אעצם');
INSERT INTO city (id, name) VALUES (595, 'אפיניש');
INSERT INTO city (id, name) VALUES (147, 'אפיק');
INSERT INTO city (id, name) VALUES (148, 'אפיקים');
INSERT INTO city (id, name) VALUES (33, 'אפעל');
INSERT INTO city (id, name) VALUES (149, 'אפק');
INSERT INTO city (id, name) VALUES (596, 'אפקים');
INSERT INTO city (id, name) VALUES (1116, 'אפרתה');
INSERT INTO city (id, name) VALUES (150, 'ארבל');
INSERT INTO city (id, name) VALUES (1117, 'ארגמן');
INSERT INTO city (id, name) VALUES (752, 'ארז');
INSERT INTO city (id, name) VALUES (34, 'אריאל');
INSERT INTO city (id, name) VALUES (977, 'ארסוף');
INSERT INTO city (id, name) VALUES (597, 'אשבול');
INSERT INTO city (id, name) VALUES (753, 'אשדוד');
INSERT INTO city (id, name) VALUES (151, 'אשדות יעקב איחוד');
INSERT INTO city (id, name) VALUES (152, 'אשדות יעקב מאוחד');
INSERT INTO city (id, name) VALUES (153, 'אשחר');
INSERT INTO city (id, name) VALUES (1118, 'אשכולות');
INSERT INTO city (id, name) VALUES (598, 'אשל הנשיא');
INSERT INTO city (id, name) VALUES (599, 'אשלים');
INSERT INTO city (id, name) VALUES (754, 'אשקלון');
INSERT INTO city (id, name) VALUES (154, 'אשרת');
INSERT INTO city (id, name) VALUES (1119, 'אשתאול');
INSERT INTO city (id, name) VALUES (155, 'אתגר');
INSERT INTO city (id, name) VALUES (1265, 'באקה אל גרביה');
INSERT INTO city (id, name) VALUES (4, 'באר אורה');
INSERT INTO city (id, name) VALUES (755, 'באר טוביה');
INSERT INTO city (id, name) VALUES (35, 'באר יעקב');
INSERT INTO city (id, name) VALUES (600, 'באר שבע');
INSERT INTO city (id, name) VALUES (756, 'בארות יצחק');
INSERT INTO city (id, name) VALUES (978, 'בארותיים');
INSERT INTO city (id, name) VALUES (601, 'בארי');
INSERT INTO city (id, name) VALUES (757, 'בדולח');
INSERT INTO city (id, name) VALUES (156, 'בוסתן הגליל');
INSERT INTO city (id, name) VALUES (157, 'בוקעאתה');
INSERT INTO city (id, name) VALUES (979, 'בורגתה');
INSERT INTO city (id, name) VALUES (980, 'בחן');
INSERT INTO city (id, name) VALUES (602, 'בטחה');
INSERT INTO city (id, name) VALUES (1266, 'ביאדה');
INSERT INTO city (id, name) VALUES (158, 'ביכורה');
INSERT INTO city (id, name) VALUES (758, 'ביצרון');
INSERT INTO city (id, name) VALUES (159, 'ביר אל מכסור');
INSERT INTO city (id, name) VALUES (1267, 'ביר א-סכה');
INSERT INTO city (id, name) VALUES (575, '\'ביר הדאג');
INSERT INTO city (id, name) VALUES (160, 'ביריה');
INSERT INTO city (id, name) VALUES (161, 'בירנית');
INSERT INTO city (id, name) VALUES (1268, 'בית אורן');
INSERT INTO city (id, name) VALUES (36, 'בית אל');
INSERT INTO city (id, name) VALUES (25, '\'בית אל ב');
INSERT INTO city (id, name) VALUES (759, 'בית אלעזרי');
INSERT INTO city (id, name) VALUES (162, 'בית אלפא');
INSERT INTO city (id, name) VALUES (37, 'בית אריה');
INSERT INTO city (id, name) VALUES (981, 'בית ברל');
INSERT INTO city (id, name) VALUES (760, 'בית גוברין');
INSERT INTO city (id, name) VALUES (1120, 'בית ג\'מאל');
INSERT INTO city (id, name) VALUES (761, 'בית גמליאל');
INSERT INTO city (id, name) VALUES (163, 'בית ג\'ן');
INSERT INTO city (id, name) VALUES (38, 'בית דגן');
INSERT INTO city (id, name) VALUES (603, 'בית הגדי');
INSERT INTO city (id, name) VALUES (1269, 'בית הלוי');
INSERT INTO city (id, name) VALUES (164, 'בית הלל');
INSERT INTO city (id, name) VALUES (165, 'בית העמק');
INSERT INTO city (id, name) VALUES (1121, 'בית הערבה');
INSERT INTO city (id, name) VALUES (166, 'בית השיטה');
INSERT INTO city (id, name) VALUES (167, 'בית זיד');
INSERT INTO city (id, name) VALUES (1122, 'בית זית');
INSERT INTO city (id, name) VALUES (168, 'בית זרע');
INSERT INTO city (id, name) VALUES (1123, 'בית חורון');
INSERT INTO city (id, name) VALUES (762, 'בית חלקיה');
INSERT INTO city (id, name) VALUES (39, 'בית חנן');
INSERT INTO city (id, name) VALUES (1270, 'בית חנניה');
INSERT INTO city (id, name) VALUES (1271, 'בית חרות');
INSERT INTO city (id, name) VALUES (763, 'בית חשמונאי');
INSERT INTO city (id, name) VALUES (982, 'בית יהושע');
INSERT INTO city (id, name) VALUES (169, 'בית יוסף');
INSERT INTO city (id, name) VALUES (1272, 'בית ינאי');
INSERT INTO city (id, name) VALUES (983, 'בית יצחק');
INSERT INTO city (id, name) VALUES (170, 'בית לחם הגלילית');
INSERT INTO city (id, name) VALUES (1124, 'בית מאיר');
INSERT INTO city (id, name) VALUES (764, 'בית נחמיה');
INSERT INTO city (id, name) VALUES (765, 'בית ניר');
INSERT INTO city (id, name) VALUES (1125, 'בית נקופה');
INSERT INTO city (id, name) VALUES (40, 'בית עובד');
INSERT INTO city (id, name) VALUES (766, 'בית עוזיאל');
INSERT INTO city (id, name) VALUES (767, 'בית עזרא');
INSERT INTO city (id, name) VALUES (768, 'בית עריף');
INSERT INTO city (id, name) VALUES (1273, 'בית צבי');
INSERT INTO city (id, name) VALUES (604, 'בית קמה');
INSERT INTO city (id, name) VALUES (171, 'בית קשת');
INSERT INTO city (id, name) VALUES (769, 'בית רבן');
INSERT INTO city (id, name) VALUES (172, 'בית רימון');
INSERT INTO city (id, name) VALUES (173, 'בית שאן');
INSERT INTO city (id, name) VALUES (1126, 'בית שמש');
INSERT INTO city (id, name) VALUES (174, 'בית שערים');
INSERT INTO city (id, name) VALUES (770, 'בית שקמה');
INSERT INTO city (id, name) VALUES (984, 'ביתן אהרן');
INSERT INTO city (id, name) VALUES (1127, 'ביתר עילית');
INSERT INTO city (id, name) VALUES (175, 'בלפוריה');
INSERT INTO city (id, name) VALUES (771, 'בן זכאי');
INSERT INTO city (id, name) VALUES (176, 'בן עמי');
INSERT INTO city (id, name) VALUES (772, 'בן שמן כפר הנער');
INSERT INTO city (id, name) VALUES (773, 'בן שמן מושב');
INSERT INTO city (id, name) VALUES (774, 'בן שמן שכון');
INSERT INTO city (id, name) VALUES (41, 'בני ברק');
INSERT INTO city (id, name) VALUES (775, 'בני דרום');
INSERT INTO city (id, name) VALUES (985, 'בני דרור');
INSERT INTO city (id, name) VALUES (177, 'בני יהודה');
INSERT INTO city (id, name) VALUES (776, 'בני עטרות');
INSERT INTO city (id, name) VALUES (777, 'בני עי"ש');
INSERT INTO city (id, name) VALUES (778, 'בני עצמון');
INSERT INTO city (id, name) VALUES (986, 'בני ציון');
INSERT INTO city (id, name) VALUES (779, 'בני ראם');
INSERT INTO city (id, name) VALUES (780, 'בניה');
INSERT INTO city (id, name) VALUES (1274, 'בנימינה');
INSERT INTO city (id, name) VALUES (1072, 'בסמת טבעון');
INSERT INTO city (id, name) VALUES (178, 'בעינה-נג\'ידאת');
INSERT INTO city (id, name) VALUES (179, 'בענה');
INSERT INTO city (id, name) VALUES (987, 'בצרה');
INSERT INTO city (id, name) VALUES (180, 'בצת');
INSERT INTO city (id, name) VALUES (1128, 'בקוע');
INSERT INTO city (id, name) VALUES (1129, 'בקעות');
INSERT INTO city (id, name) VALUES (1130, 'בר גיורא');
INSERT INTO city (id, name) VALUES (181, 'בר יוחאי');
INSERT INTO city (id, name) VALUES (781, 'ברור חיל');
INSERT INTO city (id, name) VALUES (782, 'ברורים');
INSERT INTO city (id, name) VALUES (605, 'ברוש');
INSERT INTO city (id, name) VALUES (1275, 'ברטעה');
INSERT INTO city (id, name) VALUES (42, 'ברכה');
INSERT INTO city (id, name) VALUES (783, 'ברכיה');
INSERT INTO city (id, name) VALUES (182, 'ברעם');
INSERT INTO city (id, name) VALUES (183, 'ברק');
INSERT INTO city (id, name) VALUES (1276, 'ברקאי');
INSERT INTO city (id, name) VALUES (43, 'ברקן');
INSERT INTO city (id, name) VALUES (784, 'ברקת');
INSERT INTO city (id, name) VALUES (785, 'בת הדר');
INSERT INTO city (id, name) VALUES (988, 'בת חן ישן');
INSERT INTO city (id, name) VALUES (1277, 'בת חפר');
INSERT INTO city (id, name) VALUES (786, 'בת חצור');
INSERT INTO city (id, name) VALUES (44, 'בת ים');
INSERT INTO city (id, name) VALUES (1131, 'בת עין');
INSERT INTO city (id, name) VALUES (1278, 'בת שלמה');
INSERT INTO city (id, name) VALUES (1132, 'בתיר');
INSERT INTO city (id, name) VALUES (1281, 'גאולי תימן');
INSERT INTO city (id, name) VALUES (1282, 'גאולי תימן מושב');
INSERT INTO city (id, name) VALUES (990, 'גאולים');
INSERT INTO city (id, name) VALUES (45, 'גאליה');
INSERT INTO city (id, name) VALUES (607, 'גבולות');
INSERT INTO city (id, name) VALUES (787, 'גבים');
INSERT INTO city (id, name) VALUES (187, 'גבע');
INSERT INTO city (id, name) VALUES (1133, 'גבע בנימין');
INSERT INTO city (id, name) VALUES (1283, 'גבע כרמל');
INSERT INTO city (id, name) VALUES (608, 'גבעולים');
INSERT INTO city (id, name) VALUES (1134, 'גבעון החדשה');
INSERT INTO city (id, name) VALUES (609, 'גבעות בר');
INSERT INTO city (id, name) VALUES (188, 'גבעת אבני');
INSERT INTO city (id, name) VALUES (189, 'גבעת אלה');
INSERT INTO city (id, name) VALUES (788, 'גבעת ברנר');
INSERT INTO city (id, name) VALUES (46, 'גבעת השלושה');
INSERT INTO city (id, name) VALUES (1135, 'גבעת זאב');
INSERT INTO city (id, name) VALUES (991, 'גבעת ח"ן');
INSERT INTO city (id, name) VALUES (1284, 'גבעת חביבה');
INSERT INTO city (id, name) VALUES (1285, 'גבעת חיים איחוד');
INSERT INTO city (id, name) VALUES (1286, 'גבעת חיים מאוחד');
INSERT INTO city (id, name) VALUES (190, 'גבעת יואב');
INSERT INTO city (id, name) VALUES (1136, 'גבעת יערים');
INSERT INTO city (id, name) VALUES (1137, 'גבעת ישעיהו');
INSERT INTO city (id, name) VALUES (789, 'גבעת כ"ח');
INSERT INTO city (id, name) VALUES (1287, 'גבעת ניל"י');
INSERT INTO city (id, name) VALUES (1288, 'גבעת עדה');
INSERT INTO city (id, name) VALUES (191, 'גבעת עוז');
INSERT INTO city (id, name) VALUES (47, 'גבעת שמואל');
INSERT INTO city (id, name) VALUES (1138, 'גבעת שמש');
INSERT INTO city (id, name) VALUES (1289, 'גבעת שפירא');
INSERT INTO city (id, name) VALUES (790, 'גבעתי');
INSERT INTO city (id, name) VALUES (48, 'גבעתיים');
INSERT INTO city (id, name) VALUES (791, 'גברעם');
INSERT INTO city (id, name) VALUES (192, 'גבת');
INSERT INTO city (id, name) VALUES (193, 'גדות');
INSERT INTO city (id, name) VALUES (792, 'גדיד');
INSERT INTO city (id, name) VALUES (184, 'ג\'דידה');
INSERT INTO city (id, name) VALUES (185, 'ג\'דידה-מכר');
INSERT INTO city (id, name) VALUES (194, 'גדיש');
INSERT INTO city (id, name) VALUES (195, 'גדעונה');
INSERT INTO city (id, name) VALUES (793, 'גדרה');
INSERT INTO city (id, name) VALUES (196, 'גואמיס');
INSERT INTO city (id, name) VALUES (186, 'ג\'ולס');
INSERT INTO city (id, name) VALUES (197, 'גונן');
INSERT INTO city (id, name) VALUES (198, 'גורן');
INSERT INTO city (id, name) VALUES (199, 'גורנות הגליל');
INSERT INTO city (id, name) VALUES (200, 'גזאלין');
INSERT INTO city (id, name) VALUES (201, 'גזית');
INSERT INTO city (id, name) VALUES (794, 'גזר');
INSERT INTO city (id, name) VALUES (795, 'גיאה');
INSERT INTO city (id, name) VALUES (796, 'גיבתון');
INSERT INTO city (id, name) VALUES (1139, 'גיזו');
INSERT INTO city (id, name) VALUES (202, 'גילון');
INSERT INTO city (id, name) VALUES (610, 'גילת');
INSERT INTO city (id, name) VALUES (203, 'גינוסר');
INSERT INTO city (id, name) VALUES (204, 'גיניגר');
INSERT INTO city (id, name) VALUES (797, 'גינתון');
INSERT INTO city (id, name) VALUES (205, 'גיתה');
INSERT INTO city (id, name) VALUES (1140, 'גיתית');
INSERT INTO city (id, name) VALUES (798, 'גלאון');
INSERT INTO city (id, name) VALUES (989, 'ג\'לג\'וליה');
INSERT INTO city (id, name) VALUES (1141, 'גלגל');
INSERT INTO city (id, name) VALUES (992, 'גליל ים');
INSERT INTO city (id, name) VALUES (799, 'גמזו');
INSERT INTO city (id, name) VALUES (800, 'גן אור');
INSERT INTO city (id, name) VALUES (801, 'גן הדרום');
INSERT INTO city (id, name) VALUES (1290, 'גן השומרון');
INSERT INTO city (id, name) VALUES (993, 'גן חיים');
INSERT INTO city (id, name) VALUES (1291, 'גן יאשיה');
INSERT INTO city (id, name) VALUES (802, 'גן יבנה');
INSERT INTO city (id, name) VALUES (206, 'גן נר');
INSERT INTO city (id, name) VALUES (49, 'גן שורק');
INSERT INTO city (id, name) VALUES (803, 'גן שלמה');
INSERT INTO city (id, name) VALUES (1292, 'גן שמואל');
INSERT INTO city (id, name) VALUES (606, 'ג\'נאביב');
INSERT INTO city (id, name) VALUES (804, 'גנות');
INSERT INTO city (id, name) VALUES (994, 'גנות הדר');
INSERT INTO city (id, name) VALUES (805, 'גני הדר');
INSERT INTO city (id, name) VALUES (806, 'גני טל');
INSERT INTO city (id, name) VALUES (50, 'גני יהודה');
INSERT INTO city (id, name) VALUES (807, 'גני יוחנן');
INSERT INTO city (id, name) VALUES (995, 'גני עם');
INSERT INTO city (id, name) VALUES (51, 'גני תקוה');
INSERT INTO city (id, name) VALUES (207, 'גנים');
INSERT INTO city (id, name) VALUES (1279, 'ג\'סר א-זרקא');
INSERT INTO city (id, name) VALUES (996, 'געש');
INSERT INTO city (id, name) VALUES (208, 'געתון');
INSERT INTO city (id, name) VALUES (1142, 'גפן');
INSERT INTO city (id, name) VALUES (5, 'גרופית');
INSERT INTO city (id, name) VALUES (209, 'גריפאת');
INSERT INTO city (id, name) VALUES (107, 'ג\'ש (גוש חלב)');
INSERT INTO city (id, name) VALUES (210, 'גשור');
INSERT INTO city (id, name) VALUES (211, 'גשר');
INSERT INTO city (id, name) VALUES (212, 'גשר הזיו');
INSERT INTO city (id, name) VALUES (1280, 'ג\'ת');
INSERT INTO city (id, name) VALUES (736, 'גת (קיבוץ)');
INSERT INTO city (id, name) VALUES (213, 'גת בגליל');
INSERT INTO city (id, name) VALUES (52, 'גת רמון');
INSERT INTO city (id, name) VALUES (1073, 'דאלית אל כרמל');
INSERT INTO city (id, name) VALUES (214, 'דבורה');
INSERT INTO city (id, name) VALUES (215, 'דבוריה');
INSERT INTO city (id, name) VALUES (611, 'דבירה');
INSERT INTO city (id, name) VALUES (216, 'דברת');
INSERT INTO city (id, name) VALUES (217, 'דגניה א\'');
INSERT INTO city (id, name) VALUES (218, 'דגניה ב\'');
INSERT INTO city (id, name) VALUES (219, 'דוב"ב');
INSERT INTO city (id, name) VALUES (808, 'דוגית');
INSERT INTO city (id, name) VALUES (809, 'דולב');
INSERT INTO city (id, name) VALUES (1293, 'דור');
INSERT INTO city (id, name) VALUES (810, 'דורות');
INSERT INTO city (id, name) VALUES (220, 'דחי');
INSERT INTO city (id, name) VALUES (612, 'דימונה');
INSERT INTO city (id, name) VALUES (221, 'דיר אל אסד');
INSERT INTO city (id, name) VALUES (222, 'דיר חנא');
INSERT INTO city (id, name) VALUES (1143, 'דיר ראפאת');
INSERT INTO city (id, name) VALUES (223, 'דישון');
INSERT INTO city (id, name) VALUES (224, 'דליה');
INSERT INTO city (id, name) VALUES (225, 'דלתון');
INSERT INTO city (id, name) VALUES (1294, 'דמיידה');
INSERT INTO city (id, name) VALUES (226, 'דן');
INSERT INTO city (id, name) VALUES (227, 'דפנה');
INSERT INTO city (id, name) VALUES (613, 'דקל');
INSERT INTO city (id, name) VALUES (614, 'דריג\'את');
INSERT INTO city (id, name) VALUES (228, 'האון');
INSERT INTO city (id, name) VALUES (1295, 'הבונים');
INSERT INTO city (id, name) VALUES (229, 'הגושרים');
INSERT INTO city (id, name) VALUES (997, 'הדר עם');
INSERT INTO city (id, name) VALUES (615, 'הואשלה');
INSERT INTO city (id, name) VALUES (998, 'הוד השרון');
INSERT INTO city (id, name) VALUES (811, 'הודיה');
INSERT INTO city (id, name) VALUES (230, 'הודיות');
INSERT INTO city (id, name) VALUES (231, 'הושעיה');
INSERT INTO city (id, name) VALUES (232, 'הזורע');
INSERT INTO city (id, name) VALUES (233, 'הזורעים');
INSERT INTO city (id, name) VALUES (616, 'הזייל');
INSERT INTO city (id, name) VALUES (1296, 'החותרים');
INSERT INTO city (id, name) VALUES (234, 'היוגב');
INSERT INTO city (id, name) VALUES (235, 'הילה');
INSERT INTO city (id, name) VALUES (1297, 'המעפיל');
INSERT INTO city (id, name) VALUES (236, 'הסוללים');
INSERT INTO city (id, name) VALUES (999, 'העוגן');
INSERT INTO city (id, name) VALUES (1144, 'הר אדר');
INSERT INTO city (id, name) VALUES (1145, 'הר גילה');
INSERT INTO city (id, name) VALUES (617, 'הר עמשא');
INSERT INTO city (id, name) VALUES (1146, 'הראל');
INSERT INTO city (id, name) VALUES (238, 'הרדוף');
INSERT INTO city (id, name) VALUES (1000, 'הרצליה');
INSERT INTO city (id, name) VALUES (239, 'הררית');
INSERT INTO city (id, name) VALUES (237, 'הר-שיאון');
INSERT INTO city (id, name) VALUES (1147, 'ורד יריחו');
INSERT INTO city (id, name) VALUES (812, 'ורדון');
INSERT INTO city (id, name) VALUES (618, 'זבארגה');
INSERT INTO city (id, name) VALUES (813, 'זבדיאל');
INSERT INTO city (id, name) VALUES (1074, 'זבידאת');
INSERT INTO city (id, name) VALUES (814, 'זוהר');
INSERT INTO city (id, name) VALUES (815, 'זיקים');
INSERT INTO city (id, name) VALUES (816, 'זיתן');
INSERT INTO city (id, name) VALUES (1298, 'זכרון יעקב');
INSERT INTO city (id, name) VALUES (1148, 'זכריה');
INSERT INTO city (id, name) VALUES (1299, 'זלפה');
INSERT INTO city (id, name) VALUES (817, 'זמורות');
INSERT INTO city (id, name) VALUES (1300, 'זמר');
INSERT INTO city (id, name) VALUES (619, 'זמרת');
INSERT INTO city (id, name) VALUES (1149, 'זנוח');
INSERT INTO city (id, name) VALUES (620, 'זרועה');
INSERT INTO city (id, name) VALUES (240, 'זרזיר');
INSERT INTO city (id, name) VALUES (818, 'זרחיה');
INSERT INTO city (id, name) VALUES (1301, 'חבצלת השרון');
INSERT INTO city (id, name) VALUES (242, 'חבר');
INSERT INTO city (id, name) VALUES (243, 'חג\'אג\'רה');
INSERT INTO city (id, name) VALUES (53, 'חגור');
INSERT INTO city (id, name) VALUES (1150, 'חגי');
INSERT INTO city (id, name) VALUES (244, 'חג\'יראת ד\'הרה');
INSERT INTO city (id, name) VALUES (1302, 'חגלה');
INSERT INTO city (id, name) VALUES (819, 'חדיד');
INSERT INTO city (id, name) VALUES (245, 'חד-נס');
INSERT INTO city (id, name) VALUES (1303, 'חדרה');
INSERT INTO city (id, name) VALUES (241, 'ח\'ואלד');
INSERT INTO city (id, name) VALUES (1075, 'חוואלד');
INSERT INTO city (id, name) VALUES (820, 'חולדה');
INSERT INTO city (id, name) VALUES (54, 'חולון');
INSERT INTO city (id, name) VALUES (621, 'חולית');
INSERT INTO city (id, name) VALUES (246, 'חולתה');
INSERT INTO city (id, name) VALUES (1304, 'חומש');
INSERT INTO city (id, name) VALUES (247, 'חוסן');
INSERT INTO city (id, name) VALUES (248, 'חוסניה');
INSERT INTO city (id, name) VALUES (1305, 'חופית');
INSERT INTO city (id, name) VALUES (249, 'חוקוק');
INSERT INTO city (id, name) VALUES (622, 'חורה');
INSERT INTO city (id, name) VALUES (55, 'חורשים');
INSERT INTO city (id, name) VALUES (250, 'חות השומר');
INSERT INTO city (id, name) VALUES (56, 'חות שלם');
INSERT INTO city (id, name) VALUES (251, 'חזון');
INSERT INTO city (id, name) VALUES (1306, 'חיבת ציון');
INSERT INTO city (id, name) VALUES (1307, 'חיננית');
INSERT INTO city (id, name) VALUES (1076, 'חיפה');
INSERT INTO city (id, name) VALUES (252, 'חלוץ');
INSERT INTO city (id, name) VALUES (57, 'חלמיש');
INSERT INTO city (id, name) VALUES (1077, 'חלף');
INSERT INTO city (id, name) VALUES (821, 'חלץ');
INSERT INTO city (id, name) VALUES (253, 'חמאם');
INSERT INTO city (id, name) VALUES (822, 'חמד');
INSERT INTO city (id, name) VALUES (254, 'חמדיה');
INSERT INTO city (id, name) VALUES (255, 'חמרה');
INSERT INTO city (id, name) VALUES (1001, 'חניאל');
INSERT INTO city (id, name) VALUES (256, 'חניתה');
INSERT INTO city (id, name) VALUES (257, 'חנתון');
INSERT INTO city (id, name) VALUES (258, 'חספין');
INSERT INTO city (id, name) VALUES (823, 'חפץ חיים');
INSERT INTO city (id, name) VALUES (259, 'חפצי-בה');
INSERT INTO city (id, name) VALUES (824, 'חצב');
INSERT INTO city (id, name) VALUES (6, 'חצבה');
INSERT INTO city (id, name) VALUES (825, 'חצור אשדוד');
INSERT INTO city (id, name) VALUES (260, 'חצור הגלילית');
INSERT INTO city (id, name) VALUES (1002, 'חצר בארותיים');
INSERT INTO city (id, name) VALUES (826, 'חצרות חולדה');
INSERT INTO city (id, name) VALUES (1308, 'חצרות חפר');
INSERT INTO city (id, name) VALUES (261, 'חצרות יסף');
INSERT INTO city (id, name) VALUES (827, 'חצרות כ"ח');
INSERT INTO city (id, name) VALUES (1309, 'חצרות כרמל');
INSERT INTO city (id, name) VALUES (623, 'חצרים');
INSERT INTO city (id, name) VALUES (1310, 'חרב לאת');
INSERT INTO city (id, name) VALUES (1003, 'חרוצים');
INSERT INTO city (id, name) VALUES (1004, 'חרות');
INSERT INTO city (id, name) VALUES (1311, 'חרמש');
INSERT INTO city (id, name) VALUES (262, 'חרפיש');
INSERT INTO city (id, name) VALUES (263, 'חרשים');
INSERT INTO city (id, name) VALUES (828, 'חשמונאים');
INSERT INTO city (id, name) VALUES (264, 'טבאש');
INSERT INTO city (id, name) VALUES (1078, 'טבעון');
INSERT INTO city (id, name) VALUES (265, 'טבריה');
INSERT INTO city (id, name) VALUES (266, 'טובא זנגריה');
INSERT INTO city (id, name) VALUES (1005, 'טיבה');
INSERT INTO city (id, name) VALUES (267, 'טיבה בעמק');
INSERT INTO city (id, name) VALUES (1006, 'טירה');
INSERT INTO city (id, name) VALUES (829, 'טירת יהודה');
INSERT INTO city (id, name) VALUES (1079, 'טירת כרמל');
INSERT INTO city (id, name) VALUES (268, 'טירת צבי');
INSERT INTO city (id, name) VALUES (1151, 'טל שחר');
INSERT INTO city (id, name) VALUES (269, 'טל-אל');
INSERT INTO city (id, name) VALUES (624, 'טללים');
INSERT INTO city (id, name) VALUES (58, 'טלמון');
INSERT INTO city (id, name) VALUES (270, 'טמרה');
INSERT INTO city (id, name) VALUES (271, 'טמרה ביזרעאל');
INSERT INTO city (id, name) VALUES (1152, 'טנא');
INSERT INTO city (id, name) VALUES (272, 'טפחות');
INSERT INTO city (id, name) VALUES (273, 'טרעאן');
INSERT INTO city (id, name) VALUES (274, 'יאנוח');
INSERT INTO city (id, name) VALUES (275, 'יאנוח-ג\'ת');
INSERT INTO city (id, name) VALUES (625, 'יבול');
INSERT INTO city (id, name) VALUES (276, 'יבנאל');
INSERT INTO city (id, name) VALUES (830, 'יבנה');
INSERT INTO city (id, name) VALUES (1080, 'יגור');
INSERT INTO city (id, name) VALUES (831, 'יגל');
INSERT INTO city (id, name) VALUES (832, 'יד בנימין');
INSERT INTO city (id, name) VALUES (1153, 'יד השמונה');
INSERT INTO city (id, name) VALUES (1007, 'יד חנה');
INSERT INTO city (id, name) VALUES (1312, 'יד חנה מאוחד');
INSERT INTO city (id, name) VALUES (833, 'יד מרדכי');
INSERT INTO city (id, name) VALUES (834, 'יד נתן');
INSERT INTO city (id, name) VALUES (835, 'יד רמב"ם');
INSERT INTO city (id, name) VALUES (1154, 'ידידה');
INSERT INTO city (id, name) VALUES (1008, 'ידידיה');
INSERT INTO city (id, name) VALUES (59, 'יהוד');
INSERT INTO city (id, name) VALUES (7, 'יהל');
INSERT INTO city (id, name) VALUES (277, 'יובל');
INSERT INTO city (id, name) VALUES (278, 'יובלים');
INSERT INTO city (id, name) VALUES (279, 'יודפת');
INSERT INTO city (id, name) VALUES (280, 'יונתן');
INSERT INTO city (id, name) VALUES (626, 'יושיביה');
INSERT INTO city (id, name) VALUES (281, 'יזרעאל');
INSERT INTO city (id, name) VALUES (627, 'יזרעם');
INSERT INTO city (id, name) VALUES (282, 'יחיעם');
INSERT INTO city (id, name) VALUES (8, 'יטבתה');
INSERT INTO city (id, name) VALUES (1155, 'ייטב');
INSERT INTO city (id, name) VALUES (836, 'יכיני');
INSERT INTO city (id, name) VALUES (1313, 'ימא');
INSERT INTO city (id, name) VALUES (1009, 'ינוב');
INSERT INTO city (id, name) VALUES (837, 'ינון');
INSERT INTO city (id, name) VALUES (283, 'יסוד המעלה');
INSERT INTO city (id, name) VALUES (838, 'יסודות');
INSERT INTO city (id, name) VALUES (284, 'יסעור');
INSERT INTO city (id, name) VALUES (285, 'יעד');
INSERT INTO city (id, name) VALUES (286, 'יעל');
INSERT INTO city (id, name) VALUES (9, 'יעלון');
INSERT INTO city (id, name) VALUES (1010, 'יעף');
INSERT INTO city (id, name) VALUES (287, 'יערה');
INSERT INTO city (id, name) VALUES (288, 'יפיע');
INSERT INTO city (id, name) VALUES (1156, 'יפית');
INSERT INTO city (id, name) VALUES (289, 'יפעת');
INSERT INTO city (id, name) VALUES (290, 'יפתח');
INSERT INTO city (id, name) VALUES (60, 'יצהר');
INSERT INTO city (id, name) VALUES (839, 'יציץ');
INSERT INTO city (id, name) VALUES (1011, 'יקום');
INSERT INTO city (id, name) VALUES (61, 'יקיר');
INSERT INTO city (id, name) VALUES (108, 'יקנעם (מושבה)');
INSERT INTO city (id, name) VALUES (291, 'יקנעם עילית');
INSERT INTO city (id, name) VALUES (292, 'יראון');
INSERT INTO city (id, name) VALUES (293, 'ירדנה');
INSERT INTO city (id, name) VALUES (628, 'ירוחם');
INSERT INTO city (id, name) VALUES (1157, 'ירושלים');
INSERT INTO city (id, name) VALUES (1012, 'ירחיב');
INSERT INTO city (id, name) VALUES (294, 'ירכא');
INSERT INTO city (id, name) VALUES (1013, 'ירקונה');
INSERT INTO city (id, name) VALUES (629, 'ישע');
INSERT INTO city (id, name) VALUES (1158, 'ישעי');
INSERT INTO city (id, name) VALUES (840, 'ישרש');
INSERT INTO city (id, name) VALUES (630, 'יתד');
INSERT INTO city (id, name) VALUES (295, 'כאבול');
INSERT INTO city (id, name) VALUES (296, 'כאוכב אבו אל-הי');
INSERT INTO city (id, name) VALUES (297, 'כברי');
INSERT INTO city (id, name) VALUES (298, 'כדורי');
INSERT INTO city (id, name) VALUES (299, 'כדים');
INSERT INTO city (id, name) VALUES (1159, 'כוכב השחר');
INSERT INTO city (id, name) VALUES (1014, 'כוכב יאיר');
INSERT INTO city (id, name) VALUES (62, 'כוכב יעקב');
INSERT INTO city (id, name) VALUES (841, 'כוכב מיכאל');
INSERT INTO city (id, name) VALUES (300, 'כורזים');
INSERT INTO city (id, name) VALUES (301, 'כחל');
INSERT INTO city (id, name) VALUES (631, 'כיסופים');
INSERT INTO city (id, name) VALUES (302, 'כישור');
INSERT INTO city (id, name) VALUES (303, 'כליל');
INSERT INTO city (id, name) VALUES (304, 'כלנית');
INSERT INTO city (id, name) VALUES (305, 'כמאנה');
INSERT INTO city (id, name) VALUES (632, 'כמהין');
INSERT INTO city (id, name) VALUES (306, 'כמון');
INSERT INTO city (id, name) VALUES (842, 'כנות');
INSERT INTO city (id, name) VALUES (307, 'כנף');
INSERT INTO city (id, name) VALUES (308, 'כנרת מושבה');
INSERT INTO city (id, name) VALUES (309, 'כנרת קבוצה');
INSERT INTO city (id, name) VALUES (633, 'כסיפה');
INSERT INTO city (id, name) VALUES (1160, 'כסלון');
INSERT INTO city (id, name) VALUES (310, 'כסרא');
INSERT INTO city (id, name) VALUES (311, 'כסרא-סמיע');
INSERT INTO city (id, name) VALUES (312, 'כעביה-טבאש');
INSERT INTO city (id, name) VALUES (313, 'כעביה-שבט');
INSERT INTO city (id, name) VALUES (843, 'כפר אביב');
INSERT INTO city (id, name) VALUES (1161, 'כפר אדומים');
INSERT INTO city (id, name) VALUES (1162, 'כפר אוריה');
INSERT INTO city (id, name) VALUES (63, 'כפר אז"ר');
INSERT INTO city (id, name) VALUES (844, 'כפר אחים');
INSERT INTO city (id, name) VALUES (1081, 'כפר ביאליק');
INSERT INTO city (id, name) VALUES (845, 'כפר ביל"ו');
INSERT INTO city (id, name) VALUES (314, 'כפר בלום');
INSERT INTO city (id, name) VALUES (846, 'כפר בן נון');
INSERT INTO city (id, name) VALUES (1015, 'כפר ברא');
INSERT INTO city (id, name) VALUES (315, 'כפר ברוך');
INSERT INTO city (id, name) VALUES (316, 'כפר גדעון');
INSERT INTO city (id, name) VALUES (1314, 'כפר גלים');
INSERT INTO city (id, name) VALUES (1315, 'כפר גליקסון');
INSERT INTO city (id, name) VALUES (317, 'כפר גלעדי');
INSERT INTO city (id, name) VALUES (847, 'כפר דניאל');
INSERT INTO city (id, name) VALUES (848, 'כפר דרום');
INSERT INTO city (id, name) VALUES (318, 'כפר החורש');
INSERT INTO city (id, name) VALUES (1082, 'כפר המכבי');
INSERT INTO city (id, name) VALUES (64, 'כפר הנגיד');
INSERT INTO city (id, name) VALUES (1083, 'כפר הנוער הדתי');
INSERT INTO city (id, name) VALUES (319, 'כפר הנוער פילדל');
INSERT INTO city (id, name) VALUES (320, 'כפר הנשיא');
INSERT INTO city (id, name) VALUES (1016, 'כפר הס');
INSERT INTO city (id, name) VALUES (1316, 'כפר הרא"ה');
INSERT INTO city (id, name) VALUES (849, 'כפר הרי"ף');
INSERT INTO city (id, name) VALUES (1317, 'כפר ויתקין');
INSERT INTO city (id, name) VALUES (850, 'כפר ורבורג');
INSERT INTO city (id, name) VALUES (321, 'כפר ורדים');
INSERT INTO city (id, name) VALUES (322, 'כפר זיתים');
INSERT INTO city (id, name) VALUES (851, 'כפר חב"ד');
INSERT INTO city (id, name) VALUES (323, 'כפר חיטים');
INSERT INTO city (id, name) VALUES (1318, 'כפר חיים');
INSERT INTO city (id, name) VALUES (324, 'כפר חנניה');
INSERT INTO city (id, name) VALUES (1084, 'כפר חסידים א\'');
INSERT INTO city (id, name) VALUES (1085, 'כפר חסידים ב\'');
INSERT INTO city (id, name) VALUES (325, 'כפר חרוב');
INSERT INTO city (id, name) VALUES (852, 'כפר טרומן');
INSERT INTO city (id, name) VALUES (326, 'כפר יאסיף');
INSERT INTO city (id, name) VALUES (327, 'כפר יהושע');
INSERT INTO city (id, name) VALUES (1017, 'כפר יונה');
INSERT INTO city (id, name) VALUES (328, 'כפר יחזקאל');
INSERT INTO city (id, name) VALUES (1018, 'כפר יעבץ');
INSERT INTO city (id, name) VALUES (329, 'כפר כמא');
INSERT INTO city (id, name) VALUES (330, 'כפר כנא');
INSERT INTO city (id, name) VALUES (1319, 'כפר מונש');
INSERT INTO city (id, name) VALUES (634, 'כפר מימון');
INSERT INTO city (id, name) VALUES (1019, 'כפר מל"ל');
INSERT INTO city (id, name) VALUES (331, 'כפר מנדא');
INSERT INTO city (id, name) VALUES (853, 'כפר מנחם');
INSERT INTO city (id, name) VALUES (332, 'כפר מסריק');
INSERT INTO city (id, name) VALUES (333, 'כפר מצר');
INSERT INTO city (id, name) VALUES (854, 'כפר מרדכי');
INSERT INTO city (id, name) VALUES (1020, 'כפר נטר');
INSERT INTO city (id, name) VALUES (334, 'כפר סאלד');
INSERT INTO city (id, name) VALUES (1021, 'כפר סבא');
INSERT INTO city (id, name) VALUES (855, 'כפר סילבר');
INSERT INTO city (id, name) VALUES (65, 'כפר סירקין');
INSERT INTO city (id, name) VALUES (335, 'כפר סמיע');
INSERT INTO city (id, name) VALUES (1022, 'כפר עבודה');
INSERT INTO city (id, name) VALUES (856, 'כפר עזה');
INSERT INTO city (id, name) VALUES (1163, 'כפר עציון');
INSERT INTO city (id, name) VALUES (1320, 'כפר פינס');
INSERT INTO city (id, name) VALUES (1023, 'כפר קאסם');
INSERT INTO city (id, name) VALUES (336, 'כפר קיש');
INSERT INTO city (id, name) VALUES (1321, 'כפר קרע');
INSERT INTO city (id, name) VALUES (337, 'כפר ראש הנקרה');
INSERT INTO city (id, name) VALUES (338, 'כפר רוזנוולד זר');
INSERT INTO city (id, name) VALUES (339, 'כפר רופין');
INSERT INTO city (id, name) VALUES (857, 'כפר רות');
INSERT INTO city (id, name) VALUES (340, 'כפר שמאי');
INSERT INTO city (id, name) VALUES (858, 'כפר שמואל');
INSERT INTO city (id, name) VALUES (1024, 'כפר שמריהו');
INSERT INTO city (id, name) VALUES (341, 'כפר תבור');
INSERT INTO city (id, name) VALUES (66, 'כפר תפוח');
INSERT INTO city (id, name) VALUES (342, 'כרי דשא');
INSERT INTO city (id, name) VALUES (343, 'כרכום');
INSERT INTO city (id, name) VALUES (1322, 'כרכור ישן');
INSERT INTO city (id, name) VALUES (344, 'כרם בן זמרה');
INSERT INTO city (id, name) VALUES (859, 'כרם יבנה ישיבה');
INSERT INTO city (id, name) VALUES (1323, 'כרם מהר"ל');
INSERT INTO city (id, name) VALUES (635, 'כרם שלום');
INSERT INTO city (id, name) VALUES (860, 'כרמי יוסף');
INSERT INTO city (id, name) VALUES (1164, 'כרמי צור');
INSERT INTO city (id, name) VALUES (345, 'כרמיאל');
INSERT INTO city (id, name) VALUES (861, 'כרמיה');
INSERT INTO city (id, name) VALUES (636, 'כרמים');
INSERT INTO city (id, name) VALUES (1165, 'כרמל');
INSERT INTO city (id, name) VALUES (346, 'לבון');
INSERT INTO city (id, name) VALUES (347, 'לביא');
INSERT INTO city (id, name) VALUES (348, 'לבנים');
INSERT INTO city (id, name) VALUES (637, 'להב');
INSERT INTO city (id, name) VALUES (349, 'להבות הבשן');
INSERT INTO city (id, name) VALUES (1324, 'להבות חביבה');
INSERT INTO city (id, name) VALUES (638, 'להבים');
INSERT INTO city (id, name) VALUES (862, 'לוד');
INSERT INTO city (id, name) VALUES (1166, 'לוזית');
INSERT INTO city (id, name) VALUES (350, 'לוחמי הגיטאות');
INSERT INTO city (id, name) VALUES (351, 'לוטם');
INSERT INTO city (id, name) VALUES (10, 'לוטן');
INSERT INTO city (id, name) VALUES (1167, 'לי-און');
INSERT INTO city (id, name) VALUES (352, 'לימן');
INSERT INTO city (id, name) VALUES (863, 'לכיש');
INSERT INTO city (id, name) VALUES (864, 'לפיד');
INSERT INTO city (id, name) VALUES (353, 'לפידות');
INSERT INTO city (id, name) VALUES (639, 'לקיה');
INSERT INTO city (id, name) VALUES (1325, 'מאור');
INSERT INTO city (id, name) VALUES (1326, 'מאיר שפיה');
INSERT INTO city (id, name) VALUES (1086, 'מאקורה');
INSERT INTO city (id, name) VALUES (1168, 'מבוא ביתר');
INSERT INTO city (id, name) VALUES (1327, 'מבוא דותן');
INSERT INTO city (id, name) VALUES (865, 'מבוא חורון');
INSERT INTO city (id, name) VALUES (354, 'מבוא חמה');
INSERT INTO city (id, name) VALUES (866, 'מבוא מודיעים');
INSERT INTO city (id, name) VALUES (1025, 'מבואות ים');
INSERT INTO city (id, name) VALUES (640, 'מבועים');
INSERT INTO city (id, name) VALUES (641, 'מבטחים');
INSERT INTO city (id, name) VALUES (867, 'מבקיעים');
INSERT INTO city (id, name) VALUES (1169, 'מבשרת ציון');
INSERT INTO city (id, name) VALUES (357, 'מגאר');
INSERT INTO city (id, name) VALUES (355, 'מג\'ד אל כרום');
INSERT INTO city (id, name) VALUES (1328, 'מגדים');
INSERT INTO city (id, name) VALUES (358, 'מגדל');
INSERT INTO city (id, name) VALUES (359, 'מגדל העמק');
INSERT INTO city (id, name) VALUES (1170, 'מגדל עוז');
INSERT INTO city (id, name) VALUES (356, 'מג\'דל שמס');
INSERT INTO city (id, name) VALUES (360, 'מגדל תפן');
INSERT INTO city (id, name) VALUES (67, 'מגדלים');
INSERT INTO city (id, name) VALUES (361, 'מגידו');
INSERT INTO city (id, name) VALUES (1329, 'מגל');
INSERT INTO city (id, name) VALUES (642, 'מגן');
INSERT INTO city (id, name) VALUES (362, 'מגן שאול');
INSERT INTO city (id, name) VALUES (68, 'מגשימים');
INSERT INTO city (id, name) VALUES (363, 'מדרך עוז');
INSERT INTO city (id, name) VALUES (643, 'מדרשת בו גוריון');
INSERT INTO city (id, name) VALUES (1330, 'מדרשת רופין');
INSERT INTO city (id, name) VALUES (868, 'מודיעין');
INSERT INTO city (id, name) VALUES (869, 'מודיעין עילית');
INSERT INTO city (id, name) VALUES (364, 'מולדת');
INSERT INTO city (id, name) VALUES (1171, 'מוצא עילית');
INSERT INTO city (id, name) VALUES (1172, 'מוצא תחתית');
INSERT INTO city (id, name) VALUES (870, 'מורג');
INSERT INTO city (id, name) VALUES (365, 'מורן');
INSERT INTO city (id, name) VALUES (366, 'מורשת');
INSERT INTO city (id, name) VALUES (367, 'מזאריב');
INSERT INTO city (id, name) VALUES (871, 'מזור');
INSERT INTO city (id, name) VALUES (872, 'מזכרת בתיה');
INSERT INTO city (id, name) VALUES (368, 'מזרע');
INSERT INTO city (id, name) VALUES (369, 'מזרעה');
INSERT INTO city (id, name) VALUES (1173, 'מחולה');
INSERT INTO city (id, name) VALUES (11, 'מחנה בלדד');
INSERT INTO city (id, name) VALUES (370, 'מחנה ג.חנניה');
INSERT INTO city (id, name) VALUES (1174, 'מחנה גבעון');
INSERT INTO city (id, name) VALUES (873, 'מחנה חצור');
INSERT INTO city (id, name) VALUES (644, 'מחנה טלי');
INSERT INTO city (id, name) VALUES (371, 'מחנה יבור');
INSERT INTO city (id, name) VALUES (645, 'מחנה יוכבד');
INSERT INTO city (id, name) VALUES (646, 'מחנה יפה');
INSERT INTO city (id, name) VALUES (874, 'מחנה ישראל');
INSERT INTO city (id, name) VALUES (1175, 'מחנה יתיר');
INSERT INTO city (id, name) VALUES (647, 'מחנה נבטים');
INSERT INTO city (id, name) VALUES (875, 'מחנה פלמחים');
INSERT INTO city (id, name) VALUES (372, 'מחנה רמת דוד');
INSERT INTO city (id, name) VALUES (373, 'מחנה שגב');
INSERT INTO city (id, name) VALUES (374, 'מחניים');
INSERT INTO city (id, name) VALUES (1176, 'מחסיה');
INSERT INTO city (id, name) VALUES (375, 'מטולה');
INSERT INTO city (id, name) VALUES (1177, 'מטע');
INSERT INTO city (id, name) VALUES (1331, 'מי עמי');
INSERT INTO city (id, name) VALUES (376, 'מיטב');
INSERT INTO city (id, name) VALUES (1332, 'מיסר');
INSERT INTO city (id, name) VALUES (377, 'מיצר');
INSERT INTO city (id, name) VALUES (378, 'מירב');
INSERT INTO city (id, name) VALUES (379, 'מירון');
INSERT INTO city (id, name) VALUES (876, 'מישר');
INSERT INTO city (id, name) VALUES (648, 'מיתר');
INSERT INTO city (id, name) VALUES (877, 'מכבים-רעות');
INSERT INTO city (id, name) VALUES (1178, 'מכורה');
INSERT INTO city (id, name) VALUES (1026, 'מכמורת');
INSERT INTO city (id, name) VALUES (380, 'מכמנים');
INSERT INTO city (id, name) VALUES (381, 'מכר');
INSERT INTO city (id, name) VALUES (12, 'מכרות תמנע');
INSERT INTO city (id, name) VALUES (382, 'מלאה');
INSERT INTO city (id, name) VALUES (649, 'מלילות');
INSERT INTO city (id, name) VALUES (383, 'מלכיה');
INSERT INTO city (id, name) VALUES (384, 'מלכישוע');
INSERT INTO city (id, name) VALUES (878, 'מנוחה');
INSERT INTO city (id, name) VALUES (385, 'מנוף');
INSERT INTO city (id, name) VALUES (879, 'מנורה');
INSERT INTO city (id, name) VALUES (386, 'מנות');
INSERT INTO city (id, name) VALUES (387, 'מנחמיה');
INSERT INTO city (id, name) VALUES (388, 'מנרה');
INSERT INTO city (id, name) VALUES (389, 'מנשית זבדה');
INSERT INTO city (id, name) VALUES (390, 'מסד');
INSERT INTO city (id, name) VALUES (391, 'מסדה');
INSERT INTO city (id, name) VALUES (392, 'מסילות');
INSERT INTO city (id, name) VALUES (1179, 'מסילת ציון');
INSERT INTO city (id, name) VALUES (650, 'מסלול');
INSERT INTO city (id, name) VALUES (880, 'מסמיה');
INSERT INTO city (id, name) VALUES (393, 'מסעדה');
INSERT INTO city (id, name) VALUES (1333, 'מעאוויה');
INSERT INTO city (id, name) VALUES (1027, 'מעברות');
INSERT INTO city (id, name) VALUES (651, 'מעגלים');
INSERT INTO city (id, name) VALUES (394, 'מעגן');
INSERT INTO city (id, name) VALUES (1334, 'מעגן מיכאל');
INSERT INTO city (id, name) VALUES (395, 'מעוז חיים');
INSERT INTO city (id, name) VALUES (1180, 'מעון');
INSERT INTO city (id, name) VALUES (396, 'מעונה');
INSERT INTO city (id, name) VALUES (397, 'מעוף');
INSERT INTO city (id, name) VALUES (398, 'מעין ברוך');
INSERT INTO city (id, name) VALUES (1335, 'מעין צבי');
INSERT INTO city (id, name) VALUES (1181, 'מעלה אדומים');
INSERT INTO city (id, name) VALUES (1182, 'מעלה אפרים');
INSERT INTO city (id, name) VALUES (399, 'מעלה גלבוע');
INSERT INTO city (id, name) VALUES (400, 'מעלה גמלא');
INSERT INTO city (id, name) VALUES (1183, 'מעלה החמישה');
INSERT INTO city (id, name) VALUES (69, 'מעלה לבונה');
INSERT INTO city (id, name) VALUES (1184, 'מעלה מכמש');
INSERT INTO city (id, name) VALUES (1185, 'מעלה עמוס');
INSERT INTO city (id, name) VALUES (70, 'מעלה שומרון');
INSERT INTO city (id, name) VALUES (401, 'מעלות תרשיחא');
INSERT INTO city (id, name) VALUES (402, 'מעליא');
INSERT INTO city (id, name) VALUES (652, 'מעני אבו חאמד');
INSERT INTO city (id, name) VALUES (1336, 'מענית');
INSERT INTO city (id, name) VALUES (71, 'מעש');
INSERT INTO city (id, name) VALUES (881, 'מפלסים');
INSERT INTO city (id, name) VALUES (653, 'מפעלי רותם');
INSERT INTO city (id, name) VALUES (1186, 'מצדות יהודה');
INSERT INTO city (id, name) VALUES (403, 'מצובה');
INSERT INTO city (id, name) VALUES (882, 'מצליח');
INSERT INTO city (id, name) VALUES (1337, 'מצמץ');
INSERT INTO city (id, name) VALUES (404, 'מצפה');
INSERT INTO city (id, name) VALUES (405, 'מצפה אבי"ב');
INSERT INTO city (id, name) VALUES (1187, 'מצפה יריחו');
INSERT INTO city (id, name) VALUES (406, 'מצפה נטופה');
INSERT INTO city (id, name) VALUES (654, 'מצפה רמון');
INSERT INTO city (id, name) VALUES (1188, 'מצפה שלם');
INSERT INTO city (id, name) VALUES (1338, 'מצר');
INSERT INTO city (id, name) VALUES (72, 'מקוה ישראל');
INSERT INTO city (id, name) VALUES (407, 'מקיבלה');
INSERT INTO city (id, name) VALUES (1339, 'מרגה');
INSERT INTO city (id, name) VALUES (408, 'מרגליות');
INSERT INTO city (id, name) VALUES (409, 'מרום גולן');
INSERT INTO city (id, name) VALUES (655, 'מרחב עם');
INSERT INTO city (id, name) VALUES (410, 'מרחביה מושב');
INSERT INTO city (id, name) VALUES (411, 'מרחביה קבוץ');
INSERT INTO city (id, name) VALUES (883, 'מרכז שפירא');
INSERT INTO city (id, name) VALUES (656, 'משאבי שדה');
INSERT INTO city (id, name) VALUES (412, 'משאיח סעדיה');
INSERT INTO city (id, name) VALUES (413, 'משגב');
INSERT INTO city (id, name) VALUES (884, 'משגב דב');
INSERT INTO city (id, name) VALUES (414, 'משגב עם');
INSERT INTO city (id, name) VALUES (415, 'משהד');
INSERT INTO city (id, name) VALUES (1189, 'משואה');
INSERT INTO city (id, name) VALUES (885, 'משואות יצחק');
INSERT INTO city (id, name) VALUES (1340, 'משירפה');
INSERT INTO city (id, name) VALUES (886, 'משמר איילון');
INSERT INTO city (id, name) VALUES (887, 'משמר דוד');
INSERT INTO city (id, name) VALUES (416, 'משמר הירדן');
INSERT INTO city (id, name) VALUES (657, 'משמר הנגב');
INSERT INTO city (id, name) VALUES (417, 'משמר העמק');
INSERT INTO city (id, name) VALUES (888, 'משמר השבעה');
INSERT INTO city (id, name) VALUES (1028, 'משמר השרון');
INSERT INTO city (id, name) VALUES (1341, 'משמרות');
INSERT INTO city (id, name) VALUES (1029, 'משמרת');
INSERT INTO city (id, name) VALUES (889, 'משען');
INSERT INTO city (id, name) VALUES (1030, 'מתן');
INSERT INTO city (id, name) VALUES (418, 'מתת');
INSERT INTO city (id, name) VALUES (890, 'מתתיהו');
INSERT INTO city (id, name) VALUES (419, 'נאות גולן');
INSERT INTO city (id, name) VALUES (658, 'נאות הכיכר');
INSERT INTO city (id, name) VALUES (420, 'נאות מרדכי');
INSERT INTO city (id, name) VALUES (421, 'נאעורה');
INSERT INTO city (id, name) VALUES (659, 'נבטים');
INSERT INTO city (id, name) VALUES (891, 'נגבה');
INSERT INTO city (id, name) VALUES (422, 'נג\'ידאת-בעינה');
INSERT INTO city (id, name) VALUES (892, 'נהורה');
INSERT INTO city (id, name) VALUES (423, 'נהלל');
INSERT INTO city (id, name) VALUES (424, 'נהריה');
INSERT INTO city (id, name) VALUES (425, 'נוב');
INSERT INTO city (id, name) VALUES (893, 'נוגה');
INSERT INTO city (id, name) VALUES (1031, 'נוה הדסה ישן');
INSERT INTO city (id, name) VALUES (1190, 'נוה מיכאל');
INSERT INTO city (id, name) VALUES (1342, 'נווה אבות');
INSERT INTO city (id, name) VALUES (426, 'נווה אור');
INSERT INTO city (id, name) VALUES (427, 'נווה אטי"ב');
INSERT INTO city (id, name) VALUES (1191, 'נווה אילן');
INSERT INTO city (id, name) VALUES (428, 'נווה איתן');
INSERT INTO city (id, name) VALUES (73, 'נווה אפרים');
INSERT INTO city (id, name) VALUES (1192, 'נווה דניאל');
INSERT INTO city (id, name) VALUES (894, 'נווה דקלים');
INSERT INTO city (id, name) VALUES (660, 'נווה זוהר');
INSERT INTO city (id, name) VALUES (429, 'נווה זיו');
INSERT INTO city (id, name) VALUES (13, 'נווה חריף');
INSERT INTO city (id, name) VALUES (1343, 'נווה ים');
INSERT INTO city (id, name) VALUES (1032, 'נווה ימין');
INSERT INTO city (id, name) VALUES (1033, 'נווה ירק');
INSERT INTO city (id, name) VALUES (895, 'נווה מבטח');
INSERT INTO city (id, name) VALUES (1193, 'נווה מיכאל');
INSERT INTO city (id, name) VALUES (1194, 'נווה שלום');
INSERT INTO city (id, name) VALUES (896, 'נועם');
INSERT INTO city (id, name) VALUES (897, 'נוף אילון');
INSERT INTO city (id, name) VALUES (74, 'נופים');
INSERT INTO city (id, name) VALUES (898, 'נופך');
INSERT INTO city (id, name) VALUES (1195, 'נוקדים');
INSERT INTO city (id, name) VALUES (1034, 'נורדיה');
INSERT INTO city (id, name) VALUES (430, 'נורית');
INSERT INTO city (id, name) VALUES (1196, 'נח"ל אבנת');
INSERT INTO city (id, name) VALUES (1197, 'נח"ל אלישע');
INSERT INTO city (id, name) VALUES (661, 'נח"ל אמיתי');
INSERT INTO city (id, name) VALUES (431, 'נח"ל אשבל');
INSERT INTO city (id, name) VALUES (1198, 'נח"ל גבעות');
INSERT INTO city (id, name) VALUES (1199, 'נח"ל חמדת');
INSERT INTO city (id, name) VALUES (432, 'נח"ל משכיות');
INSERT INTO city (id, name) VALUES (433, 'נח"ל נמרוד');
INSERT INTO city (id, name) VALUES (1200, 'נח"ל עין חגלה');
INSERT INTO city (id, name) VALUES (434, 'נח"ל רותם');
INSERT INTO city (id, name) VALUES (14, 'נח"ל שיטים');
INSERT INTO city (id, name) VALUES (1201, 'נחושה');
INSERT INTO city (id, name) VALUES (662, 'נחל באר מלכה');
INSERT INTO city (id, name) VALUES (1202, 'נחל בתרונות');
INSERT INTO city (id, name) VALUES (1087, 'נחל גבעת-אדמה');
INSERT INTO city (id, name) VALUES (435, 'נחל גנת');
INSERT INTO city (id, name) VALUES (663, 'נחל דורן');
INSERT INTO city (id, name) VALUES (664, 'נחל יתיר');
INSERT INTO city (id, name) VALUES (436, 'נחל מרוה');
INSERT INTO city (id, name) VALUES (899, 'נחל נגוהות');
INSERT INTO city (id, name) VALUES (665, 'נחל נחושתן');
INSERT INTO city (id, name) VALUES (900, 'נחל עז');
INSERT INTO city (id, name) VALUES (1203, 'נחל עירית');
INSERT INTO city (id, name) VALUES (1204, 'נחל צורי');
INSERT INTO city (id, name) VALUES (1205, 'נחל צורף');
INSERT INTO city (id, name) VALUES (437, 'נחל צלמון');
INSERT INTO city (id, name) VALUES (901, 'נחלה');
INSERT INTO city (id, name) VALUES (75, 'נחליאל');
INSERT INTO city (id, name) VALUES (902, 'נחלים');
INSERT INTO city (id, name) VALUES (76, 'נחלת יהודה');
INSERT INTO city (id, name) VALUES (1206, 'נחם');
INSERT INTO city (id, name) VALUES (438, 'נחף');
INSERT INTO city (id, name) VALUES (1344, 'נחשולים');
INSERT INTO city (id, name) VALUES (1207, 'נחשון');
INSERT INTO city (id, name) VALUES (77, 'נחשונים');
INSERT INTO city (id, name) VALUES (439, 'נטועה');
INSERT INTO city (id, name) VALUES (440, 'נטור');
INSERT INTO city (id, name) VALUES (78, 'נטעים');
INSERT INTO city (id, name) VALUES (1208, 'נטף');
INSERT INTO city (id, name) VALUES (441, 'ניין');
INSERT INTO city (id, name) VALUES (903, 'ניל"י');
INSERT INTO city (id, name) VALUES (904, 'ניסנית');
INSERT INTO city (id, name) VALUES (905, 'ניצן');
INSERT INTO city (id, name) VALUES (666, 'ניצנה (קהילת חי)');
INSERT INTO city (id, name) VALUES (667, 'ניצני סיני');
INSERT INTO city (id, name) VALUES (1035, 'ניצני עוז');
INSERT INTO city (id, name) VALUES (906, 'ניצנים');
INSERT INTO city (id, name) VALUES (668, 'ניר אברהם');
INSERT INTO city (id, name) VALUES (1036, 'ניר אליהו');
INSERT INTO city (id, name) VALUES (907, 'ניר בנים');
INSERT INTO city (id, name) VALUES (908, 'ניר גלים');
INSERT INTO city (id, name) VALUES (442, 'ניר דוד (תל עמל)');
INSERT INTO city (id, name) VALUES (909, 'ניר חן');
INSERT INTO city (id, name) VALUES (443, 'ניר יפה');
INSERT INTO city (id, name) VALUES (669, 'ניר יצחק');
INSERT INTO city (id, name) VALUES (910, 'ניר ישראל');
INSERT INTO city (id, name) VALUES (670, 'ניר משה');
INSERT INTO city (id, name) VALUES (671, 'ניר עז');
INSERT INTO city (id, name) VALUES (911, 'ניר עם');
INSERT INTO city (id, name) VALUES (1345, 'ניר עציון');
INSERT INTO city (id, name) VALUES (672, 'ניר עקיבא');
INSERT INTO city (id, name) VALUES (912, 'ניר צבי');
INSERT INTO city (id, name) VALUES (673, 'נירים');
INSERT INTO city (id, name) VALUES (1037, 'נירית');
INSERT INTO city (id, name) VALUES (1209, 'נירן');
INSERT INTO city (id, name) VALUES (1210, 'נס הרים');
INSERT INTO city (id, name) VALUES (444, 'נס עמים');
INSERT INTO city (id, name) VALUES (913, 'נס ציונה');
INSERT INTO city (id, name) VALUES (1038, 'נעורים');
INSERT INTO city (id, name) VALUES (79, 'נעלה');
INSERT INTO city (id, name) VALUES (1211, 'נעמה');
INSERT INTO city (id, name) VALUES (914, 'נען');
INSERT INTO city (id, name) VALUES (674, 'נצאצרה');
INSERT INTO city (id, name) VALUES (915, 'נצר חזני');
INSERT INTO city (id, name) VALUES (916, 'נצר סרני');
INSERT INTO city (id, name) VALUES (917, 'נצרים');
INSERT INTO city (id, name) VALUES (445, 'נצרת');
INSERT INTO city (id, name) VALUES (446, 'נצרת עילית');
INSERT INTO city (id, name) VALUES (1088, 'נשר');
INSERT INTO city (id, name) VALUES (1212, 'נתיב הגדוד');
INSERT INTO city (id, name) VALUES (1213, 'נתיב הל"ה');
INSERT INTO city (id, name) VALUES (918, 'נתיב העשרה');
INSERT INTO city (id, name) VALUES (447, 'נתיב השיירה');
INSERT INTO city (id, name) VALUES (675, 'נתיבות');
INSERT INTO city (id, name) VALUES (1039, 'נתניה');
INSERT INTO city (id, name) VALUES (448, 'סאג\'ור');
INSERT INTO city (id, name) VALUES (1346, 'סאלם');
INSERT INTO city (id, name) VALUES (449, 'סאסא');
INSERT INTO city (id, name) VALUES (80, 'סביון');
INSERT INTO city (id, name) VALUES (919, 'סגולה');
INSERT INTO city (id, name) VALUES (676, 'סדום');
INSERT INTO city (id, name) VALUES (109, 'סואעד (חמרייה)');
INSERT INTO city (id, name) VALUES (450, 'סואעד כמאנה');
INSERT INTO city (id, name) VALUES (451, 'סולם');
INSERT INTO city (id, name) VALUES (1214, 'סוסיה');
INSERT INTO city (id, name) VALUES (677, 'סופה');
INSERT INTO city (id, name) VALUES (678, 'סופה ב\'');
INSERT INTO city (id, name) VALUES (452, 'סח\'נין');
INSERT INTO city (id, name) VALUES (679, 'סייד');
INSERT INTO city (id, name) VALUES (453, 'סלמה');
INSERT INTO city (id, name) VALUES (1347, 'סלעית');
INSERT INTO city (id, name) VALUES (15, 'סמר');
INSERT INTO city (id, name) VALUES (680, 'סנסנה');
INSERT INTO city (id, name) VALUES (681, 'סעד');
INSERT INTO city (id, name) VALUES (454, 'סער');
INSERT INTO city (id, name) VALUES (16, 'ספיר');
INSERT INTO city (id, name) VALUES (455, 'ספסופה');
INSERT INTO city (id, name) VALUES (920, 'סתריה');
INSERT INTO city (id, name) VALUES (1348, 'עארה');
INSERT INTO city (id, name) VALUES (457, 'עבדון');
INSERT INTO city (id, name) VALUES (458, 'עברון');
INSERT INTO city (id, name) VALUES (1215, 'עגור');
INSERT INTO city (id, name) VALUES (456, 'ע\'ג\'ר');
INSERT INTO city (id, name) VALUES (459, 'עדי');
INSERT INTO city (id, name) VALUES (1040, 'עדנים');
INSERT INTO city (id, name) VALUES (921, 'עוזה');
INSERT INTO city (id, name) VALUES (460, 'עוזייר');
INSERT INTO city (id, name) VALUES (1041, 'עולש');
INSERT INTO city (id, name) VALUES (682, 'עומר');
INSERT INTO city (id, name) VALUES (1089, 'עוספיא');
INSERT INTO city (id, name) VALUES (1349, 'עופר');
INSERT INTO city (id, name) VALUES (81, 'עופרה');
INSERT INTO city (id, name) VALUES (82, 'עופרים');
INSERT INTO city (id, name) VALUES (922, 'עוצם');
INSERT INTO city (id, name) VALUES (683, 'עוקבי (בנו עוקבה)');
INSERT INTO city (id, name) VALUES (684, 'עזוז');
INSERT INTO city (id, name) VALUES (923, 'עזר');
INSERT INTO city (id, name) VALUES (1042, 'עזריאל');
INSERT INTO city (id, name) VALUES (924, 'עזריה');
INSERT INTO city (id, name) VALUES (925, 'עזריקם');
INSERT INTO city (id, name) VALUES (685, 'עטאונה');
INSERT INTO city (id, name) VALUES (1216, 'עטרת');
INSERT INTO city (id, name) VALUES (17, 'עידן');
INSERT INTO city (id, name) VALUES (83, 'עיינות');
INSERT INTO city (id, name) VALUES (461, 'עילבון');
INSERT INTO city (id, name) VALUES (462, 'עילוט');
INSERT INTO city (id, name) VALUES (1351, 'עין איילה');
INSERT INTO city (id, name) VALUES (463, 'עין אל אסד');
INSERT INTO city (id, name) VALUES (1350, 'עין א-סהלה');
INSERT INTO city (id, name) VALUES (686, 'עין בוקק');
INSERT INTO city (id, name) VALUES (464, 'עין גב');
INSERT INTO city (id, name) VALUES (687, 'עין גדי');
INSERT INTO city (id, name) VALUES (465, 'עין דור');
INSERT INTO city (id, name) VALUES (688, 'עין הבשור');
INSERT INTO city (id, name) VALUES (1352, 'עין הוד');
INSERT INTO city (id, name) VALUES (1353, 'עין החורש');
INSERT INTO city (id, name) VALUES (466, 'עין המפרץ');
INSERT INTO city (id, name) VALUES (467, 'עין הנצי"ב');
INSERT INTO city (id, name) VALUES (468, 'עין העמק');
INSERT INTO city (id, name) VALUES (469, 'עין השופט');
INSERT INTO city (id, name) VALUES (689, 'עין השלושה');
INSERT INTO city (id, name) VALUES (1043, 'עין ורד');
INSERT INTO city (id, name) VALUES (470, 'עין זיוון');
INSERT INTO city (id, name) VALUES (1354, 'עין חוד');
INSERT INTO city (id, name) VALUES (690, 'עין חצבה');
INSERT INTO city (id, name) VALUES (471, 'עין חרוד איחוד');
INSERT INTO city (id, name) VALUES (472, 'עין חרוד מאוחד');
INSERT INTO city (id, name) VALUES (18, 'עין יהב');
INSERT INTO city (id, name) VALUES (473, 'עין יעקב');
INSERT INTO city (id, name) VALUES (1217, 'עין כרם');
INSERT INTO city (id, name) VALUES (1355, 'עין כרמל');
INSERT INTO city (id, name) VALUES (474, 'עין מאהל');
INSERT INTO city (id, name) VALUES (1218, 'עין נקובא');
INSERT INTO city (id, name) VALUES (1356, 'עין עירון');
INSERT INTO city (id, name) VALUES (926, 'עין צורים');
INSERT INTO city (id, name) VALUES (475, 'עין קניא');
INSERT INTO city (id, name) VALUES (1219, 'עין ראפה');
INSERT INTO city (id, name) VALUES (1357, 'עין שמר');
INSERT INTO city (id, name) VALUES (1044, 'עין שריד');
INSERT INTO city (id, name) VALUES (691, 'עין תמר');
INSERT INTO city (id, name) VALUES (84, 'עינת');
INSERT INTO city (id, name) VALUES (19, 'עיר אובות');
INSERT INTO city (id, name) VALUES (1090, 'עיר המפרץ');
INSERT INTO city (id, name) VALUES (1358, 'עירון');
INSERT INTO city (id, name) VALUES (476, 'עכברה');
INSERT INTO city (id, name) VALUES (477, 'עכו');
INSERT INTO city (id, name) VALUES (692, 'עלומים');
INSERT INTO city (id, name) VALUES (85, 'עלי');
INSERT INTO city (id, name) VALUES (86, 'עלי זהב');
INSERT INTO city (id, name) VALUES (478, 'עלמה');
INSERT INTO city (id, name) VALUES (1220, 'עלמון');
INSERT INTO city (id, name) VALUES (479, 'עמוקה');
INSERT INTO city (id, name) VALUES (693, 'עמור');
INSERT INTO city (id, name) VALUES (1221, 'עמינדב');
INSERT INTO city (id, name) VALUES (480, 'עמיעד');
INSERT INTO city (id, name) VALUES (694, 'עמיעוז');
INSERT INTO city (id, name) VALUES (1359, 'עמיקם');
INSERT INTO city (id, name) VALUES (481, 'עמיר');
INSERT INTO city (id, name) VALUES (87, 'עמנואל');
INSERT INTO city (id, name) VALUES (482, 'עמקה');
INSERT INTO city (id, name) VALUES (483, 'עמריה');
INSERT INTO city (id, name) VALUES (1360, 'ענב');
INSERT INTO city (id, name) VALUES (484, 'עפולה');
INSERT INTO city (id, name) VALUES (88, 'עץ אפרים');
INSERT INTO city (id, name) VALUES (485, 'עראבה');
INSERT INTO city (id, name) VALUES (486, 'עראמשה');
INSERT INTO city (id, name) VALUES (695, 'ערד');
INSERT INTO city (id, name) VALUES (927, 'ערוגות');
INSERT INTO city (id, name) VALUES (696, 'ערוער');
INSERT INTO city (id, name) VALUES (487, 'ערמשה שבט');
INSERT INTO city (id, name) VALUES (1361, 'ערערה');
INSERT INTO city (id, name) VALUES (928, 'עשרת');
INSERT INTO city (id, name) VALUES (1091, 'עתלית');
INSERT INTO city (id, name) VALUES (1222, 'עתניאל');
INSERT INTO city (id, name) VALUES (20, 'פארן');
INSERT INTO city (id, name) VALUES (929, 'פאת שדה');
INSERT INTO city (id, name) VALUES (89, 'פדואל');
INSERT INTO city (id, name) VALUES (697, 'פדויים');
INSERT INTO city (id, name) VALUES (930, 'פדיה');
INSERT INTO city (id, name) VALUES (1362, 'פורידיס');
INSERT INTO city (id, name) VALUES (488, 'פוריה כפר עבודה');
INSERT INTO city (id, name) VALUES (489, 'פוריה נוה עובד');
INSERT INTO city (id, name) VALUES (490, 'פוריה עילית');
INSERT INTO city (id, name) VALUES (1045, 'פורת');
INSERT INTO city (id, name) VALUES (698, 'פטיש');
INSERT INTO city (id, name) VALUES (1092, 'פי נר');
INSERT INTO city (id, name) VALUES (491, 'פלך');
INSERT INTO city (id, name) VALUES (90, 'פלמחים');
INSERT INTO city (id, name) VALUES (1223, 'פני חבר');
INSERT INTO city (id, name) VALUES (1224, 'פסגות');
INSERT INTO city (id, name) VALUES (492, 'פסוטה');
INSERT INTO city (id, name) VALUES (699, 'פעמי תש"ז');
INSERT INTO city (id, name) VALUES (1225, 'פצאל');
INSERT INTO city (id, name) VALUES (493, 'פקיעין בוקיעה');
INSERT INTO city (id, name) VALUES (494, 'פקיעין חדשה');
INSERT INTO city (id, name) VALUES (1363, 'פרדס חנה ישן');
INSERT INTO city (id, name) VALUES (1364, 'פרדס חנה כרכור');
INSERT INTO city (id, name) VALUES (1046, 'פרדסיה');
INSERT INTO city (id, name) VALUES (495, 'פרוד');
INSERT INTO city (id, name) VALUES (496, 'פרזון');
INSERT INTO city (id, name) VALUES (700, 'פריגן');
INSERT INTO city (id, name) VALUES (91, 'פתח תקוה');
INSERT INTO city (id, name) VALUES (931, 'פתחיה');
INSERT INTO city (id, name) VALUES (701, 'צאלים');
INSERT INTO city (id, name) VALUES (497, 'צביה');
INSERT INTO city (id, name) VALUES (498, 'צבעון');
INSERT INTO city (id, name) VALUES (1226, 'צובה');
INSERT INTO city (id, name) VALUES (702, 'צוחר');
INSERT INTO city (id, name) VALUES (1047, 'צופין');
INSERT INTO city (id, name) VALUES (1048, 'צופית');
INSERT INTO city (id, name) VALUES (21, 'צופר');
INSERT INTO city (id, name) VALUES (1227, 'צור הדסה');
INSERT INTO city (id, name) VALUES (1049, 'צור יגאל');
INSERT INTO city (id, name) VALUES (1050, 'צור משה');
INSERT INTO city (id, name) VALUES (1051, 'צור נתן');
INSERT INTO city (id, name) VALUES (499, 'צוריאל');
INSERT INTO city (id, name) VALUES (500, 'צורית');
INSERT INTO city (id, name) VALUES (1052, 'צורן');
INSERT INTO city (id, name) VALUES (501, 'ציפורי');
INSERT INTO city (id, name) VALUES (1228, 'צלפון');
INSERT INTO city (id, name) VALUES (502, 'צנדלה');
INSERT INTO city (id, name) VALUES (932, 'צפריה');
INSERT INTO city (id, name) VALUES (1229, 'צפרירים');
INSERT INTO city (id, name) VALUES (503, 'צפת');
INSERT INTO city (id, name) VALUES (1365, 'צרופה');
INSERT INTO city (id, name) VALUES (1230, 'צרעה');
INSERT INTO city (id, name) VALUES (703, 'קבועה');
INSERT INTO city (id, name) VALUES (933, 'קבוצת יבנה');
INSERT INTO city (id, name) VALUES (92, 'קדומים');
INSERT INTO city (id, name) VALUES (1053, 'קדימה');
INSERT INTO city (id, name) VALUES (704, 'קדיראת א-צאנע');
INSERT INTO city (id, name) VALUES (934, 'קדמה');
INSERT INTO city (id, name) VALUES (504, 'קדמת צבי');
INSERT INTO city (id, name) VALUES (1231, 'קדר');
INSERT INTO city (id, name) VALUES (935, 'קדרון');
INSERT INTO city (id, name) VALUES (505, 'קדרים');
INSERT INTO city (id, name) VALUES (705, 'קדש ברנע');
INSERT INTO city (id, name) VALUES (706, 'קוואעין');
INSERT INTO city (id, name) VALUES (936, 'קוממיות');
INSERT INTO city (id, name) VALUES (506, 'קורנית');
INSERT INTO city (id, name) VALUES (22, 'קטורה');
INSERT INTO city (id, name) VALUES (937, 'קטיף');
INSERT INTO city (id, name) VALUES (1366, 'קיסריה');
INSERT INTO city (id, name) VALUES (707, 'קלחים');
INSERT INTO city (id, name) VALUES (1232, 'קליה');
INSERT INTO city (id, name) VALUES (1054, 'קלנסווה');
INSERT INTO city (id, name) VALUES (507, 'קלע');
INSERT INTO city (id, name) VALUES (1367, 'קציר');
INSERT INTO city (id, name) VALUES (708, 'קצר א-סר');
INSERT INTO city (id, name) VALUES (508, 'קצרין');
INSERT INTO city (id, name) VALUES (93, 'קרית אונו');
INSERT INTO city (id, name) VALUES (1233, 'קרית ארבע');
INSERT INTO city (id, name) VALUES (1093, 'קרית אתא');
INSERT INTO city (id, name) VALUES (1094, 'קרית אתא ישן');
INSERT INTO city (id, name) VALUES (1095, 'קרית ביאליק');
INSERT INTO city (id, name) VALUES (1234, 'קרית בנימין');
INSERT INTO city (id, name) VALUES (1096, 'קרית בנימין ב\'');
INSERT INTO city (id, name) VALUES (938, 'קרית גת');
INSERT INTO city (id, name) VALUES (1097, 'קרית חרשת');
INSERT INTO city (id, name) VALUES (1098, 'קרית טבעון');
INSERT INTO city (id, name) VALUES (1099, 'קרית טבעון ישן');
INSERT INTO city (id, name) VALUES (1100, 'קרית ים');
INSERT INTO city (id, name) VALUES (1235, 'קרית יערים');
INSERT INTO city (id, name) VALUES (1236, 'קרית יערים ט\'');
INSERT INTO city (id, name) VALUES (1101, 'קרית מוצקין');
INSERT INTO city (id, name) VALUES (939, 'קרית מלאכי');
INSERT INTO city (id, name) VALUES (94, 'קרית נטפים');
INSERT INTO city (id, name) VALUES (1237, 'קרית ענבים');
INSERT INTO city (id, name) VALUES (940, 'קרית עקרון');
INSERT INTO city (id, name) VALUES (1055, 'קרית שלמה');
INSERT INTO city (id, name) VALUES (509, 'קרית שמונה');
INSERT INTO city (id, name) VALUES (510, 'קרית שמונה ישן');
INSERT INTO city (id, name) VALUES (95, 'קרני שומרון');
INSERT INTO city (id, name) VALUES (511, 'קשת');
INSERT INTO city (id, name) VALUES (512, 'ראמה');
INSERT INTO city (id, name) VALUES (513, 'ראס אל-עין');
INSERT INTO city (id, name) VALUES (514, 'ראס עלי');
INSERT INTO city (id, name) VALUES (96, 'ראש העין');
INSERT INTO city (id, name) VALUES (515, 'ראש פנה');
INSERT INTO city (id, name) VALUES (1238, 'ראש צורים');
INSERT INTO city (id, name) VALUES (97, 'ראשון לציון');
INSERT INTO city (id, name) VALUES (98, 'רבבה');
INSERT INTO city (id, name) VALUES (941, 'רבדים');
INSERT INTO city (id, name) VALUES (709, 'רביבים');
INSERT INTO city (id, name) VALUES (516, 'רביד');
INSERT INTO city (id, name) VALUES (517, 'רגבה');
INSERT INTO city (id, name) VALUES (1368, 'רגבים');
INSERT INTO city (id, name) VALUES (710, 'רהט');
INSERT INTO city (id, name) VALUES (942, 'רווחה');
INSERT INTO city (id, name) VALUES (518, 'רוויה');
INSERT INTO city (id, name) VALUES (943, 'רוחמה');
INSERT INTO city (id, name) VALUES (519, 'רומאנה');
INSERT INTO city (id, name) VALUES (520, 'רומת הייב');
INSERT INTO city (id, name) VALUES (1239, 'רועי');
INSERT INTO city (id, name) VALUES (521, 'רחוב');
INSERT INTO city (id, name) VALUES (944, 'רחובות');
INSERT INTO city (id, name) VALUES (522, 'ריחאניה');
INSERT INTO city (id, name) VALUES (1369, 'ריחן');
INSERT INTO city (id, name) VALUES (99, 'רימונים');
INSERT INTO city (id, name) VALUES (523, 'רינה');
INSERT INTO city (id, name) VALUES (945, 'רינתיה');
INSERT INTO city (id, name) VALUES (1102, 'רכסים');
INSERT INTO city (id, name) VALUES (524, 'רם-און');
INSERT INTO city (id, name) VALUES (525, 'רמות');
INSERT INTO city (id, name) VALUES (1056, 'רמות השבים');
INSERT INTO city (id, name) VALUES (946, 'רמות מאיר');
INSERT INTO city (id, name) VALUES (526, 'רמות מנשה');
INSERT INTO city (id, name) VALUES (527, 'רמות נפתלי');
INSERT INTO city (id, name) VALUES (947, 'רמלה');
INSERT INTO city (id, name) VALUES (100, 'רמת אפעל');
INSERT INTO city (id, name) VALUES (101, 'רמת גן');
INSERT INTO city (id, name) VALUES (528, 'רמת דוד');
INSERT INTO city (id, name) VALUES (1057, 'רמת הכובש');
INSERT INTO city (id, name) VALUES (529, 'רמת השופט');
INSERT INTO city (id, name) VALUES (1058, 'רמת השרון');
INSERT INTO city (id, name) VALUES (1103, 'רמת יוחנן');
INSERT INTO city (id, name) VALUES (530, 'רמת ישי');
INSERT INTO city (id, name) VALUES (531, 'רמת מגשימים');
INSERT INTO city (id, name) VALUES (102, 'רמת פנקס');
INSERT INTO city (id, name) VALUES (532, 'רמת צבי');
INSERT INTO city (id, name) VALUES (1240, 'רמת רזיאל');
INSERT INTO city (id, name) VALUES (1241, 'רמת רחל');
INSERT INTO city (id, name) VALUES (711, 'רנן');
INSERT INTO city (id, name) VALUES (712, 'רעים');
INSERT INTO city (id, name) VALUES (1059, 'רעננה');
INSERT INTO city (id, name) VALUES (948, 'רפיח ים');
INSERT INTO city (id, name) VALUES (533, 'רקפת');
INSERT INTO city (id, name) VALUES (1060, 'רשפון');
INSERT INTO city (id, name) VALUES (534, 'רשפים');
INSERT INTO city (id, name) VALUES (713, 'רתמים');
INSERT INTO city (id, name) VALUES (1370, 'שא-נור');
INSERT INTO city (id, name) VALUES (535, 'שאר ישוב');
INSERT INTO city (id, name) VALUES (1061, 'שבות עם');
INSERT INTO city (id, name) VALUES (536, 'שבי ציון');
INSERT INTO city (id, name) VALUES (1371, 'שבי שומרון');
INSERT INTO city (id, name) VALUES (537, 'שגב');
INSERT INTO city (id, name) VALUES (714, 'שגב-שלום');
INSERT INTO city (id, name) VALUES (538, 'שדה אילן');
INSERT INTO city (id, name) VALUES (539, 'שדה אליהו');
INSERT INTO city (id, name) VALUES (540, 'שדה אליעזר');
INSERT INTO city (id, name) VALUES (715, 'שדה בוקר');
INSERT INTO city (id, name) VALUES (949, 'שדה דוד');
INSERT INTO city (id, name) VALUES (1062, 'שדה ורבורג');
INSERT INTO city (id, name) VALUES (950, 'שדה יואב');
INSERT INTO city (id, name) VALUES (541, 'שדה יעקב');
INSERT INTO city (id, name) VALUES (1372, 'שדה יצחק');
INSERT INTO city (id, name) VALUES (951, 'שדה משה');
INSERT INTO city (id, name) VALUES (542, 'שדה נחום');
INSERT INTO city (id, name) VALUES (543, 'שדה נחמיה');
INSERT INTO city (id, name) VALUES (716, 'שדה ניצן');
INSERT INTO city (id, name) VALUES (952, 'שדה עוזיהו');
INSERT INTO city (id, name) VALUES (717, 'שדה צבי');
INSERT INTO city (id, name) VALUES (1373, 'שדות ים');
INSERT INTO city (id, name) VALUES (1242, 'שדות מיכה');
INSERT INTO city (id, name) VALUES (718, 'שדי אברהם');
INSERT INTO city (id, name) VALUES (1063, 'שדי חמד');
INSERT INTO city (id, name) VALUES (544, 'שדי תרומות');
INSERT INTO city (id, name) VALUES (953, 'שדמה');
INSERT INTO city (id, name) VALUES (545, 'שדמות דבורה');
INSERT INTO city (id, name) VALUES (1243, 'שדמות מחולה');
INSERT INTO city (id, name) VALUES (954, 'שדרות');
INSERT INTO city (id, name) VALUES (955, 'שהם');
INSERT INTO city (id, name) VALUES (1244, 'שואבה');
INSERT INTO city (id, name) VALUES (719, 'שובה');
INSERT INTO city (id, name) VALUES (720, 'שובל');
INSERT INTO city (id, name) VALUES (546, 'שומרה');
INSERT INTO city (id, name) VALUES (721, 'שומריה');
INSERT INTO city (id, name) VALUES (722, 'שוקדה');
INSERT INTO city (id, name) VALUES (1245, 'שורש');
INSERT INTO city (id, name) VALUES (547, 'שורשים');
INSERT INTO city (id, name) VALUES (1374, 'שושנת העמקים');
INSERT INTO city (id, name) VALUES (548, 'שזור');
INSERT INTO city (id, name) VALUES (956, 'שחר');
INSERT INTO city (id, name) VALUES (23, 'שחרות');
INSERT INTO city (id, name) VALUES (723, 'שיבולים');
INSERT INTO city (id, name) VALUES (549, 'שיבלי');
INSERT INTO city (id, name) VALUES (24, 'שיזפון');
INSERT INTO city (id, name) VALUES (550, 'שיח בריכ');
INSERT INTO city (id, name) VALUES (551, 'שיח דנון');
INSERT INTO city (id, name) VALUES (103, 'שילה');
INSERT INTO city (id, name) VALUES (957, 'שילת');
INSERT INTO city (id, name) VALUES (552, 'שכניה');
INSERT INTO city (id, name) VALUES (958, 'שלווה');
INSERT INTO city (id, name) VALUES (553, 'שלוחות');
INSERT INTO city (id, name) VALUES (554, 'שלומי');
INSERT INTO city (id, name) VALUES (959, 'שליו');
INSERT INTO city (id, name) VALUES (555, 'שמיר');
INSERT INTO city (id, name) VALUES (1246, 'שמעה');
INSERT INTO city (id, name) VALUES (556, 'שמרת');
INSERT INTO city (id, name) VALUES (557, 'שמשית');
INSERT INTO city (id, name) VALUES (724, 'שני');
INSERT INTO city (id, name) VALUES (558, 'שניר');
INSERT INTO city (id, name) VALUES (559, 'שעב');
INSERT INTO city (id, name) VALUES (560, 'שעורים');
INSERT INTO city (id, name) VALUES (561, 'שעל');
INSERT INTO city (id, name) VALUES (960, 'שעלבים');
INSERT INTO city (id, name) VALUES (1064, 'שער אפרים');
INSERT INTO city (id, name) VALUES (562, 'שער הגולן');
INSERT INTO city (id, name) VALUES (1104, 'שער העמקים');
INSERT INTO city (id, name) VALUES (1375, 'שער מנשה');
INSERT INTO city (id, name) VALUES (961, 'שערי אברהם');
INSERT INTO city (id, name) VALUES (104, 'שערי תקוה');
INSERT INTO city (id, name) VALUES (1065, 'שפיים');
INSERT INTO city (id, name) VALUES (962, 'שפיר');
INSERT INTO city (id, name) VALUES (563, 'שפר');
INSERT INTO city (id, name) VALUES (564, 'שפרעם');
INSERT INTO city (id, name) VALUES (1376, 'שקד');
INSERT INTO city (id, name) VALUES (963, 'שקף');
INSERT INTO city (id, name) VALUES (565, 'שרונה');
INSERT INTO city (id, name) VALUES (566, 'שריד');
INSERT INTO city (id, name) VALUES (725, 'שרשרת');
INSERT INTO city (id, name) VALUES (567, 'שתולה');
INSERT INTO city (id, name) VALUES (964, 'שתולים');
INSERT INTO city (id, name) VALUES (726, 'תאשור');
INSERT INTO city (id, name) VALUES (727, 'תדהר');
INSERT INTO city (id, name) VALUES (568, 'תובל');
INSERT INTO city (id, name) VALUES (965, 'תוחלת');
INSERT INTO city (id, name) VALUES (1247, 'תומר');
INSERT INTO city (id, name) VALUES (728, 'תושיה');
INSERT INTO city (id, name) VALUES (966, 'תימורים');
INSERT INTO city (id, name) VALUES (1248, 'תירוש');
INSERT INTO city (id, name) VALUES (105, 'תל אביב-יפו');
INSERT INTO city (id, name) VALUES (569, 'תל יוסף');
INSERT INTO city (id, name) VALUES (1066, 'תל יצחק');
INSERT INTO city (id, name) VALUES (1067, 'תל מונד');
INSERT INTO city (id, name) VALUES (967, 'תל נוף');
INSERT INTO city (id, name) VALUES (570, 'תל עדשים');
INSERT INTO city (id, name) VALUES (571, 'תל קציר');
INSERT INTO city (id, name) VALUES (729, 'תל שבע');
INSERT INTO city (id, name) VALUES (572, 'תל תאומים');
INSERT INTO city (id, name) VALUES (1249, 'תלם');
INSERT INTO city (id, name) VALUES (730, 'תלמי אליהו');
INSERT INTO city (id, name) VALUES (1377, 'תלמי אלעזר');
INSERT INTO city (id, name) VALUES (731, 'תלמי ביל"ו');
INSERT INTO city (id, name) VALUES (732, 'תלמי יוסף');
INSERT INTO city (id, name) VALUES (968, 'תלמי יחיאל');
INSERT INTO city (id, name) VALUES (969, 'תלמי יפה');
INSERT INTO city (id, name) VALUES (970, 'תלמים');
INSERT INTO city (id, name) VALUES (573, 'תמרת');
INSERT INTO city (id, name) VALUES (1068, 'תנובות');
INSERT INTO city (id, name) VALUES (1250, 'תעוז');
INSERT INTO city (id, name) VALUES (733, 'תפרח');
INSERT INTO city (id, name) VALUES (734, 'תקומה');
INSERT INTO city (id, name) VALUES (1251, 'תקוע');
INSERT INTO city (id, name) VALUES (735, 'תראבין א-צאנע');
INSERT INTO city (id, name) VALUES (574, 'תרדיון');
INSERT INTO city (id, name) VALUES (1252, 'תרום');
